Name,ISIN,companyID,OrganizationID,Year,description,desc_simpl_en,desc_simpl_no,account_number,account_type,Value,CorporateAccountValue,CompanyAccountValue,source,Corporation,ID
NEL,NO0010081235,7795,979938799,1998,Driftsresultat,Operating profit(EBIT),Driftsresultat,47,RESULTATREGNSKAP,-5000.0,,-5000.0,Brønnøysund,0,140955
NEL,NO0010081235,7795,979938799,1998,Netto finans,Other financial income/expenses,Andre finansinntekter/kostnader,578,RESULTATREGNSKAP,1000.0,,1000.0,Brønnøysund,0,140956
NEL,NO0010081235,7795,979938799,1998,Sum driftskostnader,Total operating expenses,Sum driftskostnader,46,RESULTATREGNSKAP,5000.0,,5000.0,Brønnøysund,0,140957
NEL,NO0010081235,7795,979938799,1998,Sum eiendeler,Total assets,Sum eiendeler,334,BALANSEREGNSKAP,46000.0,,46000.0,Brønnøysund,0,140958
NEL,NO0010081235,7795,979938799,1998,Sum omløpsmidler,Total short-term assets,Sum omløpsmidler,313,BALANSEREGNSKAP,21000.0,,21000.0,Brønnøysund,0,140959
NEL,NO0010081235,7795,979938799,1998,Årsresultat,Net income,Årsresultat,121,RESULTATREGNSKAP,-4000.0,,-4000.0,Brønnøysund,0,140960
NEL,NO0010081235,7795,979938799,1998,Sum anleggsmidler,Total capital assets,Sum anleggsmidler,333,BALANSEREGNSKAP,25000.0,,25000.0,Brønnøysund,0,161799
NEL,NO0010081235,7795,979938799,1998,Andre omløpsmidler,Other current assets,Andre omløpsmidler,151,BALANSEREGNSKAP,0.0,,0.0,Brønnøysund,0,161798
NEL,NO0010081235,7795,979938799,1998,Sum egenkapital,Total equity,Sum Egenkapital,223,BALANSEREGNSKAP,46000.0,,46000.0,Brønnøysund,0,161800
NEL,NO0010081235,7795,979938799,1998,Sum egenkapital og gjeld,Total liabilities and equity,Sum gjeld og egenkapital,374,BALANSEREGNSKAP,46000.0,,46000.0,Brønnøysund,0,161801
NEL,NO0010081235,7795,979938799,1999,Netto finans,Other financial income/expenses,Andre finansinntekter/kostnader,578,RESULTATREGNSKAP,2000.0,,2000.0,Brønnøysund,0,140961
NEL,NO0010081235,7795,979938799,1999,Sum annen renteinntekt,Interest income,Renteinntekter,229,RESULTATREGNSKAP,2000.0,,2000.0,Brønnøysund,0,140962
NEL,NO0010081235,7795,979938799,1999,Sum driftskostnader,Total operating expenses,Sum driftskostnader,46,RESULTATREGNSKAP,72000.0,,72000.0,Brønnøysund,0,140963
NEL,NO0010081235,7795,979938799,1999,Sum egenkapital,Total equity,Sum Egenkapital,223,BALANSEREGNSKAP,76000.0,,76000.0,Brønnøysund,0,140964
NEL,NO0010081235,7795,979938799,1999,Sum eiendeler,Total assets,Sum eiendeler,334,BALANSEREGNSKAP,146000.0,,146000.0,Brønnøysund,0,140965
NEL,NO0010081235,7795,979938799,1999,Sum gjeld,Total debt,Sum gjeld,354,BALANSEREGNSKAP,69000.0,,69000.0,Brønnøysund,0,140966
NEL,NO0010081235,7795,979938799,1999,Sum kortsiktig gjeld,Total short-term debt,Sum kortsiktig gjeld,347,BALANSEREGNSKAP,1000.0,,1000.0,Brønnøysund,0,140967
NEL,NO0010081235,7795,979938799,1999,Årsresultat,Net income,Årsresultat,121,RESULTATREGNSKAP,-20000.0,,-20000.0,Brønnøysund,0,140968
NEL,NO0010081235,7795,979938799,1999,Driftsresultat,Operating profit(EBIT),Driftsresultat,47,RESULTATREGNSKAP,-22000.0,,-22000.0,Brønnøysund,0,161803
NEL,NO0010081235,7795,979938799,1999,Sum langsiktig gjeld,Total long-term debt,Sum langsiktig gjeld,353,BALANSEREGNSKAP,68000.0,,68000.0,Brønnøysund,0,161807
NEL,NO0010081235,7795,979938799,1999,Sum driftsinntekter,Total income,Sum inntekter,18,RESULTATREGNSKAP,50000.0,,50000.0,Brønnøysund,0,161804
NEL,NO0010081235,7795,979938799,1999,Andre omløpsmidler,Other current assets,Andre omløpsmidler,151,BALANSEREGNSKAP,0.0,,0.0,Brønnøysund,0,161802
NEL,NO0010081235,7795,979938799,1999,Sum omløpsmidler,Total short-term assets,Sum omløpsmidler,313,BALANSEREGNSKAP,146000.0,,146000.0,Brønnøysund,0,161808
NEL,NO0010081235,7795,979938799,1999,Sum opptjent egenkapital,Other retained earnings,Annen opptjent egenkapital,738,BALANSEREGNSKAP,0.0,,0.0,Brønnøysund,0,161809
NEL,NO0010081235,7795,979938799,1999,Sum innskutt egenkapital,Share capital,Aksjekapital,366,BALANSEREGNSKAP,76000.0,,76000.0,Brønnøysund,0,161806
NEL,NO0010081235,7795,979938799,1999,Sum egenkapital og gjeld,Total liabilities and equity,Sum gjeld og egenkapital,374,BALANSEREGNSKAP,145000.0,,145000.0,Brønnøysund,0,161805
NEL,NO0010081235,7795,979938799,2000,Sum driftsinntekter,Total income,Sum inntekter,18,RESULTATREGNSKAP,0.0,,0.0,Brønnøysund,0,140973
NEL,NO0010081235,7795,979938799,2000,Sum driftskostnader,Total operating expenses,Sum driftskostnader,46,RESULTATREGNSKAP,2204000.0,,2204000.0,Brønnøysund,0,140974
NEL,NO0010081235,7795,979938799,2000,Sum eiendeler,Total assets,Sum eiendeler,334,BALANSEREGNSKAP,5002000.0,,5002000.0,Brønnøysund,0,140975
NEL,NO0010081235,7795,979938799,2000,Sum gjeld,Total debt,Sum gjeld,354,BALANSEREGNSKAP,155000.0,,155000.0,Brønnøysund,0,140976
NEL,NO0010081235,7795,979938799,2000,Sum kortsiktig gjeld,Total short-term debt,Sum kortsiktig gjeld,347,BALANSEREGNSKAP,155000.0,,155000.0,Brønnøysund,0,140977
NEL,NO0010081235,7795,979938799,2000,Sum omløpsmidler,Total short-term assets,Sum omløpsmidler,313,BALANSEREGNSKAP,4962000.0,,4962000.0,Brønnøysund,0,140978
NEL,NO0010081235,7795,979938799,2000,Sum opptjent egenkapital,Other retained earnings,Annen opptjent egenkapital,738,BALANSEREGNSKAP,3150000.0,,3150000.0,Brønnøysund,0,140979
NEL,NO0010081235,7795,979938799,2000,Sum varelager,Inventory,Varer,754,BALANSEREGNSKAP,0.0,,0.0,Brønnøysund,0,140980
NEL,NO0010081235,7795,979938799,2000,Andre omløpsmidler,Other current assets,Andre omløpsmidler,151,BALANSEREGNSKAP,0.0,,0.0,Brønnøysund,0,140969
NEL,NO0010081235,7795,979938799,2000,Driftsresultat,Operating profit(EBIT),Driftsresultat,47,RESULTATREGNSKAP,-2204000.0,,-2204000.0,Brønnøysund,0,140970
NEL,NO0010081235,7795,979938799,2000,Netto finans,Other financial income/expenses,Andre finansinntekter/kostnader,578,RESULTATREGNSKAP,40000.0,,40000.0,Brønnøysund,0,161810
NEL,NO0010081235,7795,979938799,2000,Sum egenkapital,Total equity,Sum Egenkapital,223,BALANSEREGNSKAP,4847000.0,,4847000.0,Brønnøysund,0,161812
NEL,NO0010081235,7795,979938799,2000,Sum fordringer,Other short-term receivables,Andre kortsiktige fordringer,304,BALANSEREGNSKAP,6000.0,,6000.0,Brønnøysund,0,161814
NEL,NO0010081235,7795,979938799,2000,Sum annen rentekostnad,Interest expenses,Rentekostnader,543,RESULTATREGNSKAP,0.0,,0.0,Brønnøysund,0,161811
NEL,NO0010081235,7795,979938799,2000,Sum egenkapital og gjeld,Total liabilities and equity,Sum gjeld og egenkapital,374,BALANSEREGNSKAP,5002000.0,,5002000.0,Brønnøysund,0,161813
NEL,NO0010081235,7795,979938799,2000,Sum anleggsmidler,Total capital assets,Sum anleggsmidler,333,BALANSEREGNSKAP,40000.0,,40000.0,Brønnøysund,0,140971
NEL,NO0010081235,7795,979938799,2000,Sum annen renteinntekt,Interest income,Renteinntekter,229,RESULTATREGNSKAP,40000.0,,40000.0,Brønnøysund,0,140972
NEL,NO0010081235,7795,979938799,2000,Årsresultat,Net income,Årsresultat,121,RESULTATREGNSKAP,-2164000.0,,-2164000.0,Brønnøysund,0,161818
NEL,NO0010081235,7795,979938799,2000,Sum varige driftsmidler,Fixed assets,Varige driftsmidler,332,BALANSEREGNSKAP,40000.0,,40000.0,Brønnøysund,0,161817
NEL,NO0010081235,7795,979938799,2000,Sum langsiktig gjeld,Total long-term debt,Sum langsiktig gjeld,353,BALANSEREGNSKAP,0.0,,0.0,Brønnøysund,0,161816
NEL,NO0010081235,7795,979938799,2000,Sum innskutt egenkapital,Share capital,Aksjekapital,366,BALANSEREGNSKAP,1697000.0,,1697000.0,Brønnøysund,0,161815
NEL,NO0010081235,7795,979938799,2001,Sum egenkapital og gjeld,Total liabilities and equity,Sum gjeld og egenkapital,374,BALANSEREGNSKAP,16340000.0,,16340000.0,Brønnøysund,0,161824
NEL,NO0010081235,7795,979938799,2001,Sum fordringer,Other short-term receivables,Andre kortsiktige fordringer,304,BALANSEREGNSKAP,745000.0,,745000.0,Brønnøysund,0,161825
NEL,NO0010081235,7795,979938799,2001,Sum omløpsmidler,Total short-term assets,Sum omløpsmidler,313,BALANSEREGNSKAP,14225000.0,,14225000.0,Brønnøysund,0,161826
NEL,NO0010081235,7795,979938799,2001,Sum eiendeler,Total assets,Sum eiendeler,334,BALANSEREGNSKAP,16340000.0,,16340000.0,Brønnøysund,0,140984
NEL,NO0010081235,7795,979938799,2001,Sum varige driftsmidler,Fixed assets,Varige driftsmidler,332,BALANSEREGNSKAP,2115000.0,,2115000.0,Brønnøysund,0,161828
NEL,NO0010081235,7795,979938799,2001,Sum egenkapital,Total equity,Sum Egenkapital,223,BALANSEREGNSKAP,15407000.0,,15407000.0,Brønnøysund,0,140983
NEL,NO0010081235,7795,979938799,2001,Årsresultat,Net income,Årsresultat,121,RESULTATREGNSKAP,-6121000.0,,-6121000.0,Brønnøysund,0,161829
NEL,NO0010081235,7795,979938799,2001,Lønnskostnader,"Salaries, wages, social security and other personnel related expenses","Lønn, honorarer, andre personalkostnader?.",78,RESULTATREGNSKAP,2829000.0,,2829000.0,Brønnøysund,0,140982
NEL,NO0010081235,7795,979938799,2001,Sum langsiktig gjeld,Total long-term debt,Sum langsiktig gjeld,353,BALANSEREGNSKAP,0.0,,0.0,Brønnøysund,0,140988
NEL,NO0010081235,7795,979938799,2001,Driftsresultat,Operating profit(EBIT),Driftsresultat,47,RESULTATREGNSKAP,-6701000.0,,-6701000.0,Brønnøysund,0,140981
NEL,NO0010081235,7795,979938799,2001,Sum driftskostnader,Total operating expenses,Sum driftskostnader,46,RESULTATREGNSKAP,6701000.0,,6701000.0,Brønnøysund,0,161823
NEL,NO0010081235,7795,979938799,2001,Sum opptjent egenkapital,Other retained earnings,Annen opptjent egenkapital,738,BALANSEREGNSKAP,-8286000.0,,-8286000.0,Brønnøysund,0,161827
NEL,NO0010081235,7795,979938799,2001,Sum anleggsmidler,Total capital assets,Sum anleggsmidler,333,BALANSEREGNSKAP,2115000.0,,2115000.0,Brønnøysund,0,161821
NEL,NO0010081235,7795,979938799,2001,Netto finans,Other financial income/expenses,Andre finansinntekter/kostnader,578,RESULTATREGNSKAP,580000.0,,580000.0,Brønnøysund,0,161820
NEL,NO0010081235,7795,979938799,2001,Andre omløpsmidler,Other current assets,Andre omløpsmidler,151,BALANSEREGNSKAP,0.0,,0.0,Brønnøysund,0,161819
NEL,NO0010081235,7795,979938799,2001,Sum varelager,Inventory,Varer,754,BALANSEREGNSKAP,0.0,,0.0,Brønnøysund,0,140989
NEL,NO0010081235,7795,979938799,2001,Sum kortsiktig gjeld,Total short-term debt,Sum kortsiktig gjeld,347,BALANSEREGNSKAP,933000.0,,933000.0,Brønnøysund,0,140987
NEL,NO0010081235,7795,979938799,2001,Sum innskutt egenkapital,Share capital,Aksjekapital,366,BALANSEREGNSKAP,23693000.0,,23693000.0,Brønnøysund,0,140986
NEL,NO0010081235,7795,979938799,2001,Sum gjeld,Total debt,Sum gjeld,354,BALANSEREGNSKAP,933000.0,,933000.0,Brønnøysund,0,140985
NEL,NO0010081235,7795,979938799,2001,Sum driftsinntekter,Total income,Sum inntekter,18,RESULTATREGNSKAP,0.0,,0.0,Brønnøysund,0,161822
NEL,NO0010081235,7795,979938799,2002,Sum varige driftsmidler,Fixed assets,Varige driftsmidler,332,BALANSEREGNSKAP,2565000.0,,2565000.0,Brønnøysund,0,141000
NEL,NO0010081235,7795,979938799,2002,Årsresultat,Net income,Årsresultat,121,RESULTATREGNSKAP,-9104000.0,,-9104000.0,Brønnøysund,0,141001
NEL,NO0010081235,7795,979938799,2002,Lønnskostnader,"Salaries, wages, social security and other personnel related expenses","Lønn, honorarer, andre personalkostnader?.",78,RESULTATREGNSKAP,5619000.0,,5619000.0,Brønnøysund,0,161830
NEL,NO0010081235,7795,979938799,2002,Sum varelager,Inventory,Varer,754,BALANSEREGNSKAP,0.0,,0.0,Brønnøysund,0,161838
NEL,NO0010081235,7795,979938799,2002,Sum opptjent egenkapital,Other retained earnings,Annen opptjent egenkapital,738,BALANSEREGNSKAP,0.0,,0.0,Brønnøysund,0,161837
NEL,NO0010081235,7795,979938799,2002,Sum omløpsmidler,Total short-term assets,Sum omløpsmidler,313,BALANSEREGNSKAP,8140000.0,,8140000.0,Brønnøysund,0,161836
NEL,NO0010081235,7795,979938799,2002,Sum langsiktig gjeld,Total long-term debt,Sum langsiktig gjeld,353,BALANSEREGNSKAP,0.0,,0.0,Brønnøysund,0,161835
NEL,NO0010081235,7795,979938799,2002,Sum gjeld,Total debt,Sum gjeld,354,BALANSEREGNSKAP,1284000.0,,1284000.0,Brønnøysund,0,161834
NEL,NO0010081235,7795,979938799,2002,Sum fordringer,Other short-term receivables,Andre kortsiktige fordringer,304,BALANSEREGNSKAP,276000.0,,276000.0,Brønnøysund,0,161833
NEL,NO0010081235,7795,979938799,2002,Sum driftskostnader,Total operating expenses,Sum driftskostnader,46,RESULTATREGNSKAP,10378000.0,,10378000.0,Brønnøysund,0,161832
NEL,NO0010081235,7795,979938799,2002,Sum driftsinntekter,Total income,Sum inntekter,18,RESULTATREGNSKAP,660000.0,,660000.0,Brønnøysund,0,161831
NEL,NO0010081235,7795,979938799,2002,Andre omløpsmidler,Other current assets,Andre omløpsmidler,151,BALANSEREGNSKAP,0.0,,0.0,Brønnøysund,0,140990
NEL,NO0010081235,7795,979938799,2002,Driftsresultat,Operating profit(EBIT),Driftsresultat,47,RESULTATREGNSKAP,-9718000.0,,-9718000.0,Brønnøysund,0,140991
NEL,NO0010081235,7795,979938799,2002,Netto finans,Other financial income/expenses,Andre finansinntekter/kostnader,578,RESULTATREGNSKAP,614000.0,,614000.0,Brønnøysund,0,140992
NEL,NO0010081235,7795,979938799,2002,Sum anleggsmidler,Total capital assets,Sum anleggsmidler,333,BALANSEREGNSKAP,2565000.0,,2565000.0,Brønnøysund,0,140993
NEL,NO0010081235,7795,979938799,2002,Sum egenkapital,Total equity,Sum Egenkapital,223,BALANSEREGNSKAP,9422000.0,,9422000.0,Brønnøysund,0,140994
NEL,NO0010081235,7795,979938799,2002,Sum egenkapital og gjeld,Total liabilities and equity,Sum gjeld og egenkapital,374,BALANSEREGNSKAP,10706000.0,,10706000.0,Brønnøysund,0,140995
NEL,NO0010081235,7795,979938799,2002,Sum eiendeler,Total assets,Sum eiendeler,334,BALANSEREGNSKAP,10705000.0,,10705000.0,Brønnøysund,0,140996
NEL,NO0010081235,7795,979938799,2002,Sum immaterielle anleggsmidler,Other intangible assets,Andre immatrielle eiendeler,323,BALANSEREGNSKAP,0.0,,0.0,Brønnøysund,0,140997
NEL,NO0010081235,7795,979938799,2002,Sum innskutt egenkapital,Share capital,Aksjekapital,366,BALANSEREGNSKAP,9422000.0,,9422000.0,Brønnøysund,0,140998
NEL,NO0010081235,7795,979938799,2002,Sum kortsiktig gjeld,Total short-term debt,Sum kortsiktig gjeld,347,BALANSEREGNSKAP,1284000.0,,1284000.0,Brønnøysund,0,140999
NEL,NO0010081235,7795,979938799,2003,Sum Kasse/Bank/Post,Cash and deposits,"Kasse, bank, post",295,BALANSEREGNSKAP,4277000.0,,4277000.0,Brønnøysund,0,161850
NEL,NO0010081235,7795,979938799,2003,Sum egenkapital,Total equity,Sum Egenkapital,223,BALANSEREGNSKAP,7447000.0,,7447000.0,Brønnøysund,0,161846
NEL,NO0010081235,7795,979938799,2003,Sum driftskostnader,Total operating expenses,Sum driftskostnader,46,RESULTATREGNSKAP,6840000.0,,6840000.0,Brønnøysund,0,161845
NEL,NO0010081235,7795,979938799,2003,Sum driftsinntekter,Total income,Sum inntekter,18,RESULTATREGNSKAP,37000.0,,37000.0,Brønnøysund,0,161844
NEL,NO0010081235,7795,979938799,2003,Sum annen rentekostnad,Interest expenses,Rentekostnader,543,RESULTATREGNSKAP,0.0,,0.0,Brønnøysund,0,161843
NEL,NO0010081235,7795,979938799,2003,Sum annen renteinntekt,Interest income,Renteinntekter,229,RESULTATREGNSKAP,157000.0,,157000.0,Brønnøysund,0,161842
NEL,NO0010081235,7795,979938799,2003,Sum varelager,Inventory,Varer,754,BALANSEREGNSKAP,0.0,,0.0,Brønnøysund,0,141010
NEL,NO0010081235,7795,979938799,2003,Sum anleggsmidler,Total capital assets,Sum anleggsmidler,333,BALANSEREGNSKAP,2305000.0,,2305000.0,Brønnøysund,0,161841
NEL,NO0010081235,7795,979938799,2003,Netto finans,Other financial income/expenses,Andre finansinntekter/kostnader,578,RESULTATREGNSKAP,157000.0,,157000.0,Brønnøysund,0,161840
NEL,NO0010081235,7795,979938799,2003,Årsresultat,Net income,Årsresultat,121,RESULTATREGNSKAP,-6645000.0,,-6645000.0,Brønnøysund,0,161853
NEL,NO0010081235,7795,979938799,2003,Sum langsiktig gjeld,Total long-term debt,Sum langsiktig gjeld,353,BALANSEREGNSKAP,0.0,,0.0,Brønnøysund,0,161852
NEL,NO0010081235,7795,979938799,2003,Sum kortsiktig gjeld,Total short-term debt,Sum kortsiktig gjeld,347,BALANSEREGNSKAP,1135000.0,,1135000.0,Brønnøysund,0,161851
NEL,NO0010081235,7795,979938799,2003,Driftsresultat,Operating profit(EBIT),Driftsresultat,47,RESULTATREGNSKAP,-6803000.0,,-6803000.0,Brønnøysund,0,161839
NEL,NO0010081235,7795,979938799,2003,Sum immaterielle anleggsmidler,Other intangible assets,Andre immatrielle eiendeler,323,BALANSEREGNSKAP,0.0,,0.0,Brønnøysund,0,161849
NEL,NO0010081235,7795,979938799,2003,Sum fordringer,Other short-term receivables,Andre kortsiktige fordringer,304,BALANSEREGNSKAP,2001000.0,,2001000.0,Brønnøysund,0,161848
NEL,NO0010081235,7795,979938799,2003,Sum opptjent egenkapital,Other retained earnings,Annen opptjent egenkapital,738,BALANSEREGNSKAP,0.0,,0.0,Brønnøysund,0,141009
NEL,NO0010081235,7795,979938799,2003,Sum investeringer,Other current assets,Andre omløpsmidler,151,BALANSEREGNSKAP,0.0,,0.0,Brønnøysund,0,141007
NEL,NO0010081235,7795,979938799,2003,Sum omløpsmidler,Total short-term assets,Sum omløpsmidler,313,BALANSEREGNSKAP,6277000.0,,6277000.0,Brønnøysund,0,141008
NEL,NO0010081235,7795,979938799,2003,Sum innskutt egenkapital,Share capital,Aksjekapital,366,BALANSEREGNSKAP,7447000.0,,7447000.0,Brønnøysund,0,141006
NEL,NO0010081235,7795,979938799,2003,Sum gjeld,Total debt,Sum gjeld,354,BALANSEREGNSKAP,1135000.0,,1135000.0,Brønnøysund,0,141005
NEL,NO0010081235,7795,979938799,2003,Sum finansielle anleggsmidler,Other capital assets,Andre anleggsmidler,511,BALANSEREGNSKAP,0.0,,0.0,Brønnøysund,0,141004
NEL,NO0010081235,7795,979938799,2003,Sum egenkapital og gjeld,Total liabilities and equity,Sum gjeld og egenkapital,374,BALANSEREGNSKAP,8582000.0,,8582000.0,Brønnøysund,0,141003
NEL,NO0010081235,7795,979938799,2003,Lønnskostnader,"Salaries, wages, social security and other personnel related expenses","Lønn, honorarer, andre personalkostnader?.",78,RESULTATREGNSKAP,4895000.0,,4895000.0,Brønnøysund,0,141002
NEL,NO0010081235,7795,979938799,2003,Sum varige driftsmidler,Fixed assets,Varige driftsmidler,332,BALANSEREGNSKAP,2305000.0,,2305000.0,Brønnøysund,0,141011
NEL,NO0010081235,7795,979938799,2003,Sum eiendeler,Total assets,Sum eiendeler,334,BALANSEREGNSKAP,8582000.0,,8582000.0,Brønnøysund,0,161847
NEL,NO0010081235,7795,979938799,2004,Sum kortsiktig gjeld,Total short-term debt,Sum kortsiktig gjeld,347,BALANSEREGNSKAP,2894000.0,,2894000.0,Brønnøysund,0,161862
NEL,NO0010081235,7795,979938799,2004,Sum immaterielle anleggsmidler,Other intangible assets,Andre immatrielle eiendeler,323,BALANSEREGNSKAP,477000.0,,477000.0,Brønnøysund,0,141020
NEL,NO0010081235,7795,979938799,2004,Sum gjeld,Total debt,Sum gjeld,354,BALANSEREGNSKAP,3541000.0,,3541000.0,Brønnøysund,0,141019
NEL,NO0010081235,7795,979938799,2004,Sum fordringer,Other short-term receivables,Andre kortsiktige fordringer,304,BALANSEREGNSKAP,2333000.0,,2333000.0,Brønnøysund,0,141018
NEL,NO0010081235,7795,979938799,2004,Sum egenkapital og gjeld,Total liabilities and equity,Sum gjeld og egenkapital,374,BALANSEREGNSKAP,16348000.0,,16348000.0,Brønnøysund,0,141017
NEL,NO0010081235,7795,979938799,2004,Sum egenkapital,Total equity,Sum Egenkapital,223,BALANSEREGNSKAP,12806000.0,,12806000.0,Brønnøysund,0,141016
NEL,NO0010081235,7795,979938799,2004,Sum driftskostnader,Total operating expenses,Sum driftskostnader,46,RESULTATREGNSKAP,10810000.0,,10810000.0,Brønnøysund,0,141015
NEL,NO0010081235,7795,979938799,2004,Sum Kasse/Bank/Post,Cash and deposits,"Kasse, bank, post",295,BALANSEREGNSKAP,11448000.0,,11448000.0,Brønnøysund,0,161861
NEL,NO0010081235,7795,979938799,2004,Sum innskutt egenkapital,Share capital,Aksjekapital,366,BALANSEREGNSKAP,12806000.0,,12806000.0,Brønnøysund,0,161860
NEL,NO0010081235,7795,979938799,2004,Sum finansielle anleggsmidler,Other capital assets,Andre anleggsmidler,511,BALANSEREGNSKAP,0.0,,0.0,Brønnøysund,0,161859
NEL,NO0010081235,7795,979938799,2004,Sum eiendeler,Total assets,Sum eiendeler,334,BALANSEREGNSKAP,16348000.0,,16348000.0,Brønnøysund,0,161858
NEL,NO0010081235,7795,979938799,2004,Sum driftsinntekter,Total income,Sum inntekter,18,RESULTATREGNSKAP,55000.0,,55000.0,Brønnøysund,0,161857
NEL,NO0010081235,7795,979938799,2004,Sum annen renteinntekt,Interest income,Renteinntekter,229,RESULTATREGNSKAP,246000.0,,246000.0,Brønnøysund,0,161855
NEL,NO0010081235,7795,979938799,2004,Lønnskostnader,"Salaries, wages, social security and other personnel related expenses","Lønn, honorarer, andre personalkostnader?.",78,RESULTATREGNSKAP,4810000.0,,4810000.0,Brønnøysund,0,161854
NEL,NO0010081235,7795,979938799,2004,Sum anleggsmidler,Total capital assets,Sum anleggsmidler,333,BALANSEREGNSKAP,2567000.0,,2567000.0,Brønnøysund,0,141014
NEL,NO0010081235,7795,979938799,2004,Netto finans,Other financial income/expenses,Andre finansinntekter/kostnader,578,RESULTATREGNSKAP,227000.0,,227000.0,Brønnøysund,0,141013
NEL,NO0010081235,7795,979938799,2004,Driftsresultat,Operating profit(EBIT),Driftsresultat,47,RESULTATREGNSKAP,-10755000.0,,-10755000.0,Brønnøysund,0,141012
NEL,NO0010081235,7795,979938799,2004,Sum annen rentekostnad,Interest expenses,Rentekostnader,543,RESULTATREGNSKAP,3000.0,,3000.0,Brønnøysund,0,161856
NEL,NO0010081235,7795,979938799,2004,Sum investeringer,Other current assets,Andre omløpsmidler,151,BALANSEREGNSKAP,0.0,,0.0,Brønnøysund,0,141021
NEL,NO0010081235,7795,979938799,2004,Årsresultat,Net income,Årsresultat,121,RESULTATREGNSKAP,-10528000.0,,-10528000.0,Brønnøysund,0,161867
NEL,NO0010081235,7795,979938799,2004,Sum varelager,Inventory,Varer,754,BALANSEREGNSKAP,0.0,,0.0,Brønnøysund,0,161866
NEL,NO0010081235,7795,979938799,2004,Sum opptjent egenkapital,Other retained earnings,Annen opptjent egenkapital,738,BALANSEREGNSKAP,0.0,,0.0,Brønnøysund,0,161865
NEL,NO0010081235,7795,979938799,2004,Sum omløpsmidler,Total short-term assets,Sum omløpsmidler,313,BALANSEREGNSKAP,13781000.0,,13781000.0,Brønnøysund,0,161864
NEL,NO0010081235,7795,979938799,2004,Sum langsiktig gjeld,Total long-term debt,Sum langsiktig gjeld,353,BALANSEREGNSKAP,647000.0,,647000.0,Brønnøysund,0,161863
NEL,NO0010081235,7795,979938799,2004,Sum varige driftsmidler,Fixed assets,Varige driftsmidler,332,BALANSEREGNSKAP,2090000.0,,2090000.0,Brønnøysund,0,141022
NEL,NO0010081235,7795,979938799,2005,Driftsresultat,Operating profit(EBIT),Driftsresultat,47,RESULTATREGNSKAP,-24551000.0,,-24551000.0,Brønnøysund,0,141023
NEL,NO0010081235,7795,979938799,2005,Sum driftskostnader,Total operating expenses,Sum driftskostnader,46,RESULTATREGNSKAP,24655000.0,,24655000.0,Brønnøysund,0,141024
NEL,NO0010081235,7795,979938799,2005,Sum fordringer,Other short-term receivables,Andre kortsiktige fordringer,304,BALANSEREGNSKAP,2314000.0,,2314000.0,Brønnøysund,0,141025
NEL,NO0010081235,7795,979938799,2005,Sum gjeld,Total debt,Sum gjeld,354,BALANSEREGNSKAP,4343000.0,,4343000.0,Brønnøysund,0,141026
NEL,NO0010081235,7795,979938799,2005,Sum immaterielle anleggsmidler,Other intangible assets,Andre immatrielle eiendeler,323,BALANSEREGNSKAP,572000.0,,572000.0,Brønnøysund,0,141027
NEL,NO0010081235,7795,979938799,2005,Sum innskutt egenkapital,Share capital,Aksjekapital,366,BALANSEREGNSKAP,13615000.0,,13615000.0,Brønnøysund,0,141028
NEL,NO0010081235,7795,979938799,2005,Sum kortsiktig gjeld,Total short-term debt,Sum kortsiktig gjeld,347,BALANSEREGNSKAP,3223000.0,,3223000.0,Brønnøysund,0,141029
NEL,NO0010081235,7795,979938799,2005,Sum varelager,Inventory,Varer,754,BALANSEREGNSKAP,0.0,,0.0,Brønnøysund,0,161883
NEL,NO0010081235,7795,979938799,2005,Sum varige driftsmidler,Fixed assets,Varige driftsmidler,332,BALANSEREGNSKAP,1644000.0,,1644000.0,Brønnøysund,0,161884
NEL,NO0010081235,7795,979938799,2005,Årsresultat,Net income,Årsresultat,121,RESULTATREGNSKAP,-24293000.0,,-24293000.0,Brønnøysund,0,161885
NEL,NO0010081235,7795,979938799,2005,Sum langsiktig gjeld,Total long-term debt,Sum langsiktig gjeld,353,BALANSEREGNSKAP,1120000.0,,1120000.0,Brønnøysund,0,161880
NEL,NO0010081235,7795,979938799,2005,Lønnskostnader,"Salaries, wages, social security and other personnel related expenses","Lønn, honorarer, andre personalkostnader?.",78,RESULTATREGNSKAP,14745000.0,,14745000.0,Brønnøysund,0,161868
NEL,NO0010081235,7795,979938799,2005,Netto finans,Other financial income/expenses,Andre finansinntekter/kostnader,578,RESULTATREGNSKAP,257000.0,,257000.0,Brønnøysund,0,161869
NEL,NO0010081235,7795,979938799,2005,Sum anleggsmidler,Total capital assets,Sum anleggsmidler,333,BALANSEREGNSKAP,2216000.0,,2216000.0,Brønnøysund,0,161870
NEL,NO0010081235,7795,979938799,2005,Sum annen renteinntekt,Interest income,Renteinntekter,229,RESULTATREGNSKAP,280000.0,,280000.0,Brønnøysund,0,161871
NEL,NO0010081235,7795,979938799,2005,Sum annen rentekostnad,Interest expenses,Rentekostnader,543,RESULTATREGNSKAP,4000.0,,4000.0,Brønnøysund,0,161872
NEL,NO0010081235,7795,979938799,2005,Sum driftsinntekter,Total income,Sum inntekter,18,RESULTATREGNSKAP,105000.0,,105000.0,Brønnøysund,0,161873
NEL,NO0010081235,7795,979938799,2005,Sum egenkapital,Total equity,Sum Egenkapital,223,BALANSEREGNSKAP,13615000.0,,13615000.0,Brønnøysund,0,161874
NEL,NO0010081235,7795,979938799,2005,Sum egenkapital og gjeld,Total liabilities and equity,Sum gjeld og egenkapital,374,BALANSEREGNSKAP,17958000.0,,17958000.0,Brønnøysund,0,161875
NEL,NO0010081235,7795,979938799,2005,Sum eiendeler,Total assets,Sum eiendeler,334,BALANSEREGNSKAP,17958000.0,,17958000.0,Brønnøysund,0,161876
NEL,NO0010081235,7795,979938799,2005,Sum finansielle anleggsmidler,Other capital assets,Andre anleggsmidler,511,BALANSEREGNSKAP,0.0,,0.0,Brønnøysund,0,161877
NEL,NO0010081235,7795,979938799,2005,Sum investeringer,Other current assets,Andre omløpsmidler,151,BALANSEREGNSKAP,0.0,,0.0,Brønnøysund,0,161878
NEL,NO0010081235,7795,979938799,2005,Sum Kasse/Bank/Post,Cash and deposits,"Kasse, bank, post",295,BALANSEREGNSKAP,13428000.0,,13428000.0,Brønnøysund,0,161879
NEL,NO0010081235,7795,979938799,2005,Sum omløpsmidler,Total short-term assets,Sum omløpsmidler,313,BALANSEREGNSKAP,15742000.0,,15742000.0,Brønnøysund,0,161881
NEL,NO0010081235,7795,979938799,2005,Sum opptjent egenkapital,Other retained earnings,Annen opptjent egenkapital,738,BALANSEREGNSKAP,0.0,,0.0,Brønnøysund,0,161882
NEL,NO0010081235,7795,979938799,2006,Driftsresultat,Operating profit(EBIT),Driftsresultat,47,RESULTATREGNSKAP,-23313000.0,,-23313000.0,Brønnøysund,0,141030
NEL,NO0010081235,7795,979938799,2006,Lønnskostnader,"Salaries, wages, social security and other personnel related expenses","Lønn, honorarer, andre personalkostnader?.",78,RESULTATREGNSKAP,9726000.0,,9726000.0,Brønnøysund,0,141031
NEL,NO0010081235,7795,979938799,2006,Netto finans,Other financial income/expenses,Andre finansinntekter/kostnader,578,RESULTATREGNSKAP,612000.0,,612000.0,Brønnøysund,0,141032
NEL,NO0010081235,7795,979938799,2006,Sum annen rentekostnad,Interest expenses,Rentekostnader,543,RESULTATREGNSKAP,25000.0,,25000.0,Brønnøysund,0,141033
NEL,NO0010081235,7795,979938799,2006,Sum driftsinntekter,Total income,Sum inntekter,18,RESULTATREGNSKAP,60000.0,,60000.0,Brønnøysund,0,141034
NEL,NO0010081235,7795,979938799,2006,Sum egenkapital,Total equity,Sum Egenkapital,223,BALANSEREGNSKAP,24267000.0,,24267000.0,Brønnøysund,0,141035
NEL,NO0010081235,7795,979938799,2006,Sum eiendeler,Total assets,Sum eiendeler,334,BALANSEREGNSKAP,33902000.0,,33902000.0,Brønnøysund,0,141036
NEL,NO0010081235,7795,979938799,2006,Sum finansielle anleggsmidler,Other capital assets,Andre anleggsmidler,511,BALANSEREGNSKAP,0.0,,0.0,Brønnøysund,0,141037
NEL,NO0010081235,7795,979938799,2006,Sum fordringer,Other short-term receivables,Andre kortsiktige fordringer,304,BALANSEREGNSKAP,4647000.0,,4647000.0,Brønnøysund,0,141038
NEL,NO0010081235,7795,979938799,2006,Sum gjeld,Total debt,Sum gjeld,354,BALANSEREGNSKAP,9634000.0,,9634000.0,Brønnøysund,0,141039
NEL,NO0010081235,7795,979938799,2006,Sum innskutt egenkapital,Share capital,Aksjekapital,366,BALANSEREGNSKAP,24267000.0,,24267000.0,Brønnøysund,0,141040
NEL,NO0010081235,7795,979938799,2006,Sum investeringer,Other current assets,Andre omløpsmidler,151,BALANSEREGNSKAP,0.0,,0.0,Brønnøysund,0,141041
NEL,NO0010081235,7795,979938799,2006,Sum kortsiktig gjeld,Total short-term debt,Sum kortsiktig gjeld,347,BALANSEREGNSKAP,6593000.0,,6593000.0,Brønnøysund,0,141042
NEL,NO0010081235,7795,979938799,2006,Sum omløpsmidler,Total short-term assets,Sum omløpsmidler,313,BALANSEREGNSKAP,30214000.0,,30214000.0,Brønnøysund,0,141043
NEL,NO0010081235,7795,979938799,2006,Sum opptjent egenkapital,Other retained earnings,Annen opptjent egenkapital,738,BALANSEREGNSKAP,0.0,,0.0,Brønnøysund,0,141044
NEL,NO0010081235,7795,979938799,2006,Sum varelager,Inventory,Varer,754,BALANSEREGNSKAP,0.0,,0.0,Brønnøysund,0,141045
NEL,NO0010081235,7795,979938799,2006,Sum varige driftsmidler,Fixed assets,Varige driftsmidler,332,BALANSEREGNSKAP,3115000.0,,3115000.0,Brønnøysund,0,141046
NEL,NO0010081235,7795,979938799,2006,Årsresultat,Net income,Årsresultat,121,RESULTATREGNSKAP,-22701000.0,,-22701000.0,Brønnøysund,0,141047
NEL,NO0010081235,7795,979938799,2006,Sum Kasse/Bank/Post,Cash and deposits,"Kasse, bank, post",295,BALANSEREGNSKAP,25568000.0,,25568000.0,Brønnøysund,0,161891
NEL,NO0010081235,7795,979938799,2006,Sum egenkapital og gjeld,Total liabilities and equity,Sum gjeld og egenkapital,374,BALANSEREGNSKAP,33902000.0,,33902000.0,Brønnøysund,0,161889
NEL,NO0010081235,7795,979938799,2006,Sum langsiktig gjeld,Total long-term debt,Sum langsiktig gjeld,353,BALANSEREGNSKAP,3041000.0,,3041000.0,Brønnøysund,0,161892
NEL,NO0010081235,7795,979938799,2006,Sum immaterielle anleggsmidler,Other intangible assets,Andre immatrielle eiendeler,323,BALANSEREGNSKAP,572000.0,,572000.0,Brønnøysund,0,161890
NEL,NO0010081235,7795,979938799,2006,Sum anleggsmidler,Total capital assets,Sum anleggsmidler,333,BALANSEREGNSKAP,3687000.0,,3687000.0,Brønnøysund,0,161886
NEL,NO0010081235,7795,979938799,2006,Sum annen renteinntekt,Interest income,Renteinntekter,229,RESULTATREGNSKAP,657000.0,,657000.0,Brønnøysund,0,161887
NEL,NO0010081235,7795,979938799,2006,Sum driftskostnader,Total operating expenses,Sum driftskostnader,46,RESULTATREGNSKAP,23373000.0,,23373000.0,Brønnøysund,0,161888
NEL,NO0010081235,7795,979938799,2007,Sum langsiktig gjeld,Total long-term debt,Sum langsiktig gjeld,353,BALANSEREGNSKAP,3023000.0,,3023000.0,Brønnøysund,0,141055
NEL,NO0010081235,7795,979938799,2007,Sum omløpsmidler,Total short-term assets,Sum omløpsmidler,313,BALANSEREGNSKAP,26548000.0,,26548000.0,Brønnøysund,0,141056
NEL,NO0010081235,7795,979938799,2007,Sum varige driftsmidler,Fixed assets,Varige driftsmidler,332,BALANSEREGNSKAP,3023000.0,,3023000.0,Brønnøysund,0,141057
NEL,NO0010081235,7795,979938799,2007,Sum annen renteinntekt,Interest income,Renteinntekter,229,RESULTATREGNSKAP,1050000.0,,1050000.0,Brønnøysund,0,161895
NEL,NO0010081235,7795,979938799,2007,Sum annen rentekostnad,Interest expenses,Rentekostnader,543,RESULTATREGNSKAP,158000.0,,158000.0,Brønnøysund,0,161896
NEL,NO0010081235,7795,979938799,2007,Sum driftskostnader,Total operating expenses,Sum driftskostnader,46,RESULTATREGNSKAP,29073000.0,,29073000.0,Brønnøysund,0,161898
NEL,NO0010081235,7795,979938799,2007,Sum egenkapital,Total equity,Sum Egenkapital,223,BALANSEREGNSKAP,21053000.0,,21053000.0,Brønnøysund,0,161899
NEL,NO0010081235,7795,979938799,2007,Sum eiendeler,Total assets,Sum eiendeler,334,BALANSEREGNSKAP,30144000.0,,30144000.0,Brønnøysund,0,161900
NEL,NO0010081235,7795,979938799,2007,Sum finansielle anleggsmidler,Other capital assets,Andre anleggsmidler,511,BALANSEREGNSKAP,0.0,,0.0,Brønnøysund,0,161901
NEL,NO0010081235,7795,979938799,2007,Sum gjeld,Total debt,Sum gjeld,354,BALANSEREGNSKAP,9091000.0,,9091000.0,Brønnøysund,0,161902
NEL,NO0010081235,7795,979938799,2007,Sum innskutt egenkapital,Share capital,Aksjekapital,366,BALANSEREGNSKAP,21053000.0,,21053000.0,Brønnøysund,0,161903
NEL,NO0010081235,7795,979938799,2007,Sum investeringer,Other current assets,Andre omløpsmidler,151,BALANSEREGNSKAP,0.0,,0.0,Brønnøysund,0,161904
NEL,NO0010081235,7795,979938799,2007,Driftsresultat,Operating profit(EBIT),Driftsresultat,47,RESULTATREGNSKAP,-29017000.0,,-29017000.0,Brønnøysund,0,141048
NEL,NO0010081235,7795,979938799,2007,Sum driftsinntekter,Total income,Sum inntekter,18,RESULTATREGNSKAP,56000.0,,56000.0,Brønnøysund,0,161897
NEL,NO0010081235,7795,979938799,2007,Sum anleggsmidler,Total capital assets,Sum anleggsmidler,333,BALANSEREGNSKAP,3596000.0,,3596000.0,Brønnøysund,0,161894
NEL,NO0010081235,7795,979938799,2007,Netto finans,Other financial income/expenses,Andre finansinntekter/kostnader,578,RESULTATREGNSKAP,892000.0,,892000.0,Brønnøysund,0,161893
NEL,NO0010081235,7795,979938799,2007,Lønnskostnader,"Salaries, wages, social security and other personnel related expenses","Lønn, honorarer, andre personalkostnader?.",78,RESULTATREGNSKAP,13860000.0,,13860000.0,Brønnøysund,0,141049
NEL,NO0010081235,7795,979938799,2007,Sum egenkapital og gjeld,Total liabilities and equity,Sum gjeld og egenkapital,374,BALANSEREGNSKAP,30144000.0,,30144000.0,Brønnøysund,0,141050
NEL,NO0010081235,7795,979938799,2007,Sum opptjent egenkapital,Other retained earnings,Annen opptjent egenkapital,738,BALANSEREGNSKAP,0.0,,0.0,Brønnøysund,0,161905
NEL,NO0010081235,7795,979938799,2007,Sum fordringer,Other short-term receivables,Andre kortsiktige fordringer,304,BALANSEREGNSKAP,6883000.0,,6883000.0,Brønnøysund,0,141051
NEL,NO0010081235,7795,979938799,2007,Sum immaterielle anleggsmidler,Other intangible assets,Andre immatrielle eiendeler,323,BALANSEREGNSKAP,572000.0,,572000.0,Brønnøysund,0,141052
NEL,NO0010081235,7795,979938799,2007,Sum Kasse/Bank/Post,Cash and deposits,"Kasse, bank, post",295,BALANSEREGNSKAP,19666000.0,,19666000.0,Brønnøysund,0,141053
NEL,NO0010081235,7795,979938799,2007,Sum kortsiktig gjeld,Total short-term debt,Sum kortsiktig gjeld,347,BALANSEREGNSKAP,6068000.0,,6068000.0,Brønnøysund,0,141054
NEL,NO0010081235,7795,979938799,2007,Sum varelager,Inventory,Varer,754,BALANSEREGNSKAP,0.0,,0.0,Brønnøysund,0,161906
NEL,NO0010081235,7795,979938799,2007,Årsresultat,Net income,Årsresultat,121,RESULTATREGNSKAP,-28125000.0,,-28125000.0,Brønnøysund,0,161907
NEL,NO0010081235,7795,979938799,2008,Sum varelager,Inventory,Varer,754,BALANSEREGNSKAP,1445000.0,,1445000.0,Brønnøysund,0,141068
NEL,NO0010081235,7795,979938799,2008,Netto finans,Other financial income/expenses,Andre finansinntekter/kostnader,578,RESULTATREGNSKAP,1802000.0,,1802000.0,Brønnøysund,0,141058
NEL,NO0010081235,7795,979938799,2008,Sum annen renteinntekt,Interest income,Renteinntekter,229,RESULTATREGNSKAP,1923000.0,,1923000.0,Brønnøysund,0,141059
NEL,NO0010081235,7795,979938799,2008,Sum driftsinntekter,Total income,Sum inntekter,18,RESULTATREGNSKAP,0.0,,0.0,Brønnøysund,0,141060
NEL,NO0010081235,7795,979938799,2008,Sum driftskostnader,Total operating expenses,Sum driftskostnader,46,RESULTATREGNSKAP,36384000.0,,36384000.0,Brønnøysund,0,141061
NEL,NO0010081235,7795,979938799,2008,Sum egenkapital og gjeld,Total liabilities and equity,Sum gjeld og egenkapital,374,BALANSEREGNSKAP,38900000.0,,38900000.0,Brønnøysund,0,141062
NEL,NO0010081235,7795,979938799,2008,Sum finansielle anleggsmidler,Other capital assets,Andre anleggsmidler,511,BALANSEREGNSKAP,0.0,,0.0,Brønnøysund,0,141063
NEL,NO0010081235,7795,979938799,2008,Sum gjeld,Total debt,Sum gjeld,354,BALANSEREGNSKAP,10488000.0,,10488000.0,Brønnøysund,0,141064
NEL,NO0010081235,7795,979938799,2008,Sum kortsiktig gjeld,Total short-term debt,Sum kortsiktig gjeld,347,BALANSEREGNSKAP,7473000.0,,7473000.0,Brønnøysund,0,141065
NEL,NO0010081235,7795,979938799,2008,Sum omløpsmidler,Total short-term assets,Sum omløpsmidler,313,BALANSEREGNSKAP,35270000.0,,35270000.0,Brønnøysund,0,141066
NEL,NO0010081235,7795,979938799,2008,Årsresultat,Net income,Årsresultat,121,RESULTATREGNSKAP,-34582000.0,,-34582000.0,Brønnøysund,0,161921
NEL,NO0010081235,7795,979938799,2008,Sum varige driftsmidler,Fixed assets,Varige driftsmidler,332,BALANSEREGNSKAP,3058000.0,,3058000.0,Brønnøysund,0,161920
NEL,NO0010081235,7795,979938799,2008,Sum langsiktig gjeld,Total long-term debt,Sum langsiktig gjeld,353,BALANSEREGNSKAP,3016000.0,,3016000.0,Brønnøysund,0,161919
NEL,NO0010081235,7795,979938799,2008,Sum Kasse/Bank/Post,Cash and deposits,"Kasse, bank, post",295,BALANSEREGNSKAP,27958000.0,,27958000.0,Brønnøysund,0,161918
NEL,NO0010081235,7795,979938799,2008,Sum investeringer,Other current assets,Andre omløpsmidler,151,BALANSEREGNSKAP,0.0,,0.0,Brønnøysund,0,161917
NEL,NO0010081235,7795,979938799,2008,Sum innskutt egenkapital,Share capital,Aksjekapital,366,BALANSEREGNSKAP,28412000.0,,28412000.0,Brønnøysund,0,161916
NEL,NO0010081235,7795,979938799,2008,Sum immaterielle anleggsmidler,Other intangible assets,Andre immatrielle eiendeler,323,BALANSEREGNSKAP,572000.0,,572000.0,Brønnøysund,0,161915
NEL,NO0010081235,7795,979938799,2008,Sum fordringer,Other short-term receivables,Andre kortsiktige fordringer,304,BALANSEREGNSKAP,5866000.0,,5866000.0,Brønnøysund,0,161914
NEL,NO0010081235,7795,979938799,2008,Sum eiendeler,Total assets,Sum eiendeler,334,BALANSEREGNSKAP,38900000.0,,38900000.0,Brønnøysund,0,161913
NEL,NO0010081235,7795,979938799,2008,Sum egenkapital,Total equity,Sum Egenkapital,223,BALANSEREGNSKAP,28412000.0,,28412000.0,Brønnøysund,0,161912
NEL,NO0010081235,7795,979938799,2008,Sum annen rentekostnad,Interest expenses,Rentekostnader,543,RESULTATREGNSKAP,87000.0,,87000.0,Brønnøysund,0,161911
NEL,NO0010081235,7795,979938799,2008,Sum anleggsmidler,Total capital assets,Sum anleggsmidler,333,BALANSEREGNSKAP,3630000.0,,3630000.0,Brønnøysund,0,161910
NEL,NO0010081235,7795,979938799,2008,Lønnskostnader,"Salaries, wages, social security and other personnel related expenses","Lønn, honorarer, andre personalkostnader?.",78,RESULTATREGNSKAP,16965000.0,,16965000.0,Brønnøysund,0,161909
NEL,NO0010081235,7795,979938799,2008,Driftsresultat,Operating profit(EBIT),Driftsresultat,47,RESULTATREGNSKAP,-36384000.0,,-36384000.0,Brønnøysund,0,161908
NEL,NO0010081235,7795,979938799,2008,Sum opptjent egenkapital,Other retained earnings,Annen opptjent egenkapital,738,BALANSEREGNSKAP,0.0,,0.0,Brønnøysund,0,141067
NEL,NO0010081235,7795,979938799,2009,Sum egenkapital og gjeld,Total liabilities and equity,Sum gjeld og egenkapital,374,BALANSEREGNSKAP,46484000.0,,46484000.0,Brønnøysund,0,141074
NEL,NO0010081235,7795,979938799,2009,Sum innskutt egenkapital,Share capital,Aksjekapital,366,BALANSEREGNSKAP,29373000.0,,29373000.0,Brønnøysund,0,161929
NEL,NO0010081235,7795,979938799,2009,Sum gjeld,Total debt,Sum gjeld,354,BALANSEREGNSKAP,17111000.0,,17111000.0,Brønnøysund,0,161928
NEL,NO0010081235,7795,979938799,2009,Sum fordringer,Other short-term receivables,Andre kortsiktige fordringer,304,BALANSEREGNSKAP,5246000.0,,5246000.0,Brønnøysund,0,161927
NEL,NO0010081235,7795,979938799,2009,Sum eiendeler,Total assets,Sum eiendeler,334,BALANSEREGNSKAP,46484000.0,,46484000.0,Brønnøysund,0,161926
NEL,NO0010081235,7795,979938799,2009,Sum driftskostnader,Total operating expenses,Sum driftskostnader,46,RESULTATREGNSKAP,39986000.0,,39986000.0,Brønnøysund,0,161925
NEL,NO0010081235,7795,979938799,2009,Sum driftsinntekter,Total income,Sum inntekter,18,RESULTATREGNSKAP,131000.0,,131000.0,Brønnøysund,0,161924
NEL,NO0010081235,7795,979938799,2009,Sum anleggsmidler,Total capital assets,Sum anleggsmidler,333,BALANSEREGNSKAP,3707000.0,,3707000.0,Brønnøysund,0,161923
NEL,NO0010081235,7795,979938799,2009,Lønnskostnader,"Salaries, wages, social security and other personnel related expenses","Lønn, honorarer, andre personalkostnader?.",78,RESULTATREGNSKAP,21275000.0,,21275000.0,Brønnøysund,0,161922
NEL,NO0010081235,7795,979938799,2009,Sum egenkapital,Total equity,Sum Egenkapital,223,BALANSEREGNSKAP,29373000.0,,29373000.0,Brønnøysund,0,141073
NEL,NO0010081235,7795,979938799,2009,Sum annen rentekostnad,Interest expenses,Rentekostnader,543,RESULTATREGNSKAP,126000.0,,126000.0,Brønnøysund,0,141072
NEL,NO0010081235,7795,979938799,2009,Sum langsiktig gjeld,Total long-term debt,Sum langsiktig gjeld,353,BALANSEREGNSKAP,8269000.0,,8269000.0,Brønnøysund,0,141080
NEL,NO0010081235,7795,979938799,2009,Sum annen renteinntekt,Interest income,Renteinntekter,229,RESULTATREGNSKAP,544000.0,,544000.0,Brønnøysund,0,141071
NEL,NO0010081235,7795,979938799,2009,Netto finans,Other financial income/expenses,Andre finansinntekter/kostnader,578,RESULTATREGNSKAP,524000.0,,524000.0,Brønnøysund,0,141070
NEL,NO0010081235,7795,979938799,2009,Driftsresultat,Operating profit(EBIT),Driftsresultat,47,RESULTATREGNSKAP,-39856000.0,,-39856000.0,Brønnøysund,0,141069
NEL,NO0010081235,7795,979938799,2009,Sum opptjent egenkapital,Other retained earnings,Annen opptjent egenkapital,738,BALANSEREGNSKAP,0.0,,0.0,Brønnøysund,0,141081
NEL,NO0010081235,7795,979938799,2009,Sum varige driftsmidler,Fixed assets,Varige driftsmidler,332,BALANSEREGNSKAP,1576000.0,,1576000.0,Brønnøysund,0,141082
NEL,NO0010081235,7795,979938799,2009,Årsresultat,Net income,Årsresultat,121,RESULTATREGNSKAP,-39332000.0,,-39332000.0,Brønnøysund,0,141083
NEL,NO0010081235,7795,979938799,2009,Sum kortsiktig gjeld,Total short-term debt,Sum kortsiktig gjeld,347,BALANSEREGNSKAP,8842000.0,,8842000.0,Brønnøysund,0,141079
NEL,NO0010081235,7795,979938799,2009,Sum Kasse/Bank/Post,Cash and deposits,"Kasse, bank, post",295,BALANSEREGNSKAP,35404000.0,,35404000.0,Brønnøysund,0,141078
NEL,NO0010081235,7795,979938799,2009,Sum investeringer,Other current assets,Andre omløpsmidler,151,BALANSEREGNSKAP,0.0,,0.0,Brønnøysund,0,141077
NEL,NO0010081235,7795,979938799,2009,Sum immaterielle anleggsmidler,Other intangible assets,Andre immatrielle eiendeler,323,BALANSEREGNSKAP,2131000.0,,2131000.0,Brønnøysund,0,141076
NEL,NO0010081235,7795,979938799,2009,Sum finansielle anleggsmidler,Other capital assets,Andre anleggsmidler,511,BALANSEREGNSKAP,0.0,,0.0,Brønnøysund,0,141075
NEL,NO0010081235,7795,979938799,2009,Sum varelager,Inventory,Varer,754,BALANSEREGNSKAP,2127000.0,,2127000.0,Brønnøysund,0,161931
NEL,NO0010081235,7795,979938799,2009,Sum omløpsmidler,Total short-term assets,Sum omløpsmidler,313,BALANSEREGNSKAP,42777000.0,,42777000.0,Brønnøysund,0,161930
NEL,NO0010081235,7795,979938799,2010,Lønnskostnader,"Salaries, wages, social security and other personnel related expenses","Lønn, honorarer, andre personalkostnader?.",78,RESULTATREGNSKAP,22129000.0,,22129000.0,Brønnøysund,0,141084
NEL,NO0010081235,7795,979938799,2010,Sum anleggsmidler,Total capital assets,Sum anleggsmidler,333,BALANSEREGNSKAP,4410000.0,,4410000.0,Brønnøysund,0,141085
NEL,NO0010081235,7795,979938799,2010,Sum annen renteinntekt,Interest income,Renteinntekter,229,RESULTATREGNSKAP,997000.0,,997000.0,Brønnøysund,0,141086
NEL,NO0010081235,7795,979938799,2010,Sum driftskostnader,Total operating expenses,Sum driftskostnader,46,RESULTATREGNSKAP,43625000.0,,43625000.0,Brønnøysund,0,141087
NEL,NO0010081235,7795,979938799,2010,Sum egenkapital,Total equity,Sum Egenkapital,223,BALANSEREGNSKAP,89596000.0,,89596000.0,Brønnøysund,0,141088
NEL,NO0010081235,7795,979938799,2010,Sum eiendeler,Total assets,Sum eiendeler,334,BALANSEREGNSKAP,111700000.0,,111700000.0,Brønnøysund,0,141089
NEL,NO0010081235,7795,979938799,2010,Sum gjeld,Total debt,Sum gjeld,354,BALANSEREGNSKAP,22104000.0,,22104000.0,Brønnøysund,0,141090
NEL,NO0010081235,7795,979938799,2010,Sum innskutt egenkapital,Share capital,Aksjekapital,366,BALANSEREGNSKAP,131418000.0,,131418000.0,Brønnøysund,0,141091
NEL,NO0010081235,7795,979938799,2010,Sum kortsiktig gjeld,Total short-term debt,Sum kortsiktig gjeld,347,BALANSEREGNSKAP,13835000.0,,13835000.0,Brønnøysund,0,141092
NEL,NO0010081235,7795,979938799,2010,Sum opptjent egenkapital,Other retained earnings,Annen opptjent egenkapital,738,BALANSEREGNSKAP,-41821000.0,,-41821000.0,Brønnøysund,0,141093
NEL,NO0010081235,7795,979938799,2010,Sum varelager,Inventory,Varer,754,BALANSEREGNSKAP,978000.0,,978000.0,Brønnøysund,0,141094
NEL,NO0010081235,7795,979938799,2010,Sum varige driftsmidler,Fixed assets,Varige driftsmidler,332,BALANSEREGNSKAP,2614000.0,,2614000.0,Brønnøysund,0,141095
NEL,NO0010081235,7795,979938799,2010,Årsresultat,Net income,Årsresultat,121,RESULTATREGNSKAP,-41821000.0,,-41821000.0,Brønnøysund,0,141096
NEL,NO0010081235,7795,979938799,2010,Sum langsiktig gjeld,Total long-term debt,Sum langsiktig gjeld,353,BALANSEREGNSKAP,8269000.0,,8269000.0,Brønnøysund,0,161942
NEL,NO0010081235,7795,979938799,2010,Sum omløpsmidler,Total short-term assets,Sum omløpsmidler,313,BALANSEREGNSKAP,107291000.0,,107291000.0,Brønnøysund,0,161943
NEL,NO0010081235,7795,979938799,2010,Sum Kasse/Bank/Post,Cash and deposits,"Kasse, bank, post",295,BALANSEREGNSKAP,98838000.0,,98838000.0,Brønnøysund,0,161941
NEL,NO0010081235,7795,979938799,2010,Driftsresultat,Operating profit(EBIT),Driftsresultat,47,RESULTATREGNSKAP,-42532000.0,,-42532000.0,Brønnøysund,0,161932
NEL,NO0010081235,7795,979938799,2010,Netto finans,Other financial income/expenses,Andre finansinntekter/kostnader,578,RESULTATREGNSKAP,710000.0,,710000.0,Brønnøysund,0,161933
NEL,NO0010081235,7795,979938799,2010,Sum annen rentekostnad,Interest expenses,Rentekostnader,543,RESULTATREGNSKAP,174000.0,,174000.0,Brønnøysund,0,161934
NEL,NO0010081235,7795,979938799,2010,Sum driftsinntekter,Total income,Sum inntekter,18,RESULTATREGNSKAP,1093000.0,,1093000.0,Brønnøysund,0,161935
NEL,NO0010081235,7795,979938799,2010,Sum egenkapital og gjeld,Total liabilities and equity,Sum gjeld og egenkapital,374,BALANSEREGNSKAP,111700000.0,,111700000.0,Brønnøysund,0,161936
NEL,NO0010081235,7795,979938799,2010,Sum finansielle anleggsmidler,Other capital assets,Andre anleggsmidler,511,BALANSEREGNSKAP,0.0,,0.0,Brønnøysund,0,161937
NEL,NO0010081235,7795,979938799,2010,Sum fordringer,Other short-term receivables,Andre kortsiktige fordringer,304,BALANSEREGNSKAP,7474000.0,,7474000.0,Brønnøysund,0,161938
NEL,NO0010081235,7795,979938799,2010,Sum immaterielle anleggsmidler,Other intangible assets,Andre immatrielle eiendeler,323,BALANSEREGNSKAP,1796000.0,,1796000.0,Brønnøysund,0,161939
NEL,NO0010081235,7795,979938799,2010,Sum investeringer,Other current assets,Andre omløpsmidler,151,BALANSEREGNSKAP,0.0,,0.0,Brønnøysund,0,161940
NEL,NO0010081235,7795,979938799,2011,Lønnskostnader,"Salaries, wages, social security and other personnel related expenses","Lønn, honorarer, andre personalkostnader?.",78,RESULTATREGNSKAP,23643000.0,,23643000.0,Brønnøysund,0,141097
NEL,NO0010081235,7795,979938799,2011,Sum driftskostnader,Total operating expenses,Sum driftskostnader,46,RESULTATREGNSKAP,40116000.0,,40116000.0,Brønnøysund,0,141098
NEL,NO0010081235,7795,979938799,2011,Sum egenkapital og gjeld,Total liabilities and equity,Sum gjeld og egenkapital,374,BALANSEREGNSKAP,68604000.0,,68604000.0,Brønnøysund,0,141099
NEL,NO0010081235,7795,979938799,2011,Sum eiendeler,Total assets,Sum eiendeler,334,BALANSEREGNSKAP,68603000.0,,68603000.0,Brønnøysund,0,141100
NEL,NO0010081235,7795,979938799,2011,Sum finansielle anleggsmidler,Other capital assets,Andre anleggsmidler,511,BALANSEREGNSKAP,0.0,,0.0,Brønnøysund,0,141101
NEL,NO0010081235,7795,979938799,2011,Sum gjeld,Total debt,Sum gjeld,354,BALANSEREGNSKAP,13628000.0,,13628000.0,Brønnøysund,0,141102
NEL,NO0010081235,7795,979938799,2011,Sum investeringer,Other current assets,Andre omløpsmidler,151,BALANSEREGNSKAP,0.0,,0.0,Brønnøysund,0,141103
NEL,NO0010081235,7795,979938799,2011,Sum Kasse/Bank/Post,Cash and deposits,"Kasse, bank, post",295,BALANSEREGNSKAP,58859000.0,,58859000.0,Brønnøysund,0,141104
NEL,NO0010081235,7795,979938799,2011,Sum omløpsmidler,Total short-term assets,Sum omløpsmidler,313,BALANSEREGNSKAP,65010000.0,,65010000.0,Brønnøysund,0,141105
NEL,NO0010081235,7795,979938799,2011,Sum varige driftsmidler,Fixed assets,Varige driftsmidler,332,BALANSEREGNSKAP,2133000.0,,2133000.0,Brønnøysund,0,141106
NEL,NO0010081235,7795,979938799,2011,Årsresultat,Net income,Årsresultat,121,RESULTATREGNSKAP,-34753000.0,,-34753000.0,Brønnøysund,0,141107
NEL,NO0010081235,7795,979938799,2011,Sum langsiktig gjeld,Total long-term debt,Sum langsiktig gjeld,353,BALANSEREGNSKAP,5534000.0,,5534000.0,Brønnøysund,0,161955
NEL,NO0010081235,7795,979938799,2011,Sum opptjent egenkapital,Other retained earnings,Annen opptjent egenkapital,738,BALANSEREGNSKAP,-34753000.0,,-34753000.0,Brønnøysund,0,161956
NEL,NO0010081235,7795,979938799,2011,Sum varelager,Inventory,Varer,754,BALANSEREGNSKAP,915000.0,,915000.0,Brønnøysund,0,161957
NEL,NO0010081235,7795,979938799,2011,Sum annen rentekostnad,Interest expenses,Rentekostnader,543,RESULTATREGNSKAP,245000.0,,245000.0,Brønnøysund,0,161948
NEL,NO0010081235,7795,979938799,2011,Sum annen renteinntekt,Interest income,Renteinntekter,229,RESULTATREGNSKAP,2536000.0,,2536000.0,Brønnøysund,0,161947
NEL,NO0010081235,7795,979938799,2011,Netto finans,Other financial income/expenses,Andre finansinntekter/kostnader,578,RESULTATREGNSKAP,2268000.0,,2268000.0,Brønnøysund,0,161945
NEL,NO0010081235,7795,979938799,2011,Sum anleggsmidler,Total capital assets,Sum anleggsmidler,333,BALANSEREGNSKAP,3594000.0,,3594000.0,Brønnøysund,0,161946
NEL,NO0010081235,7795,979938799,2011,Driftsresultat,Operating profit(EBIT),Driftsresultat,47,RESULTATREGNSKAP,-37021000.0,,-37021000.0,Brønnøysund,0,161944
NEL,NO0010081235,7795,979938799,2011,Sum immaterielle anleggsmidler,Other intangible assets,Andre immatrielle eiendeler,323,BALANSEREGNSKAP,1460000.0,,1460000.0,Brønnøysund,0,161952
NEL,NO0010081235,7795,979938799,2011,Sum innskutt egenkapital,Share capital,Aksjekapital,366,BALANSEREGNSKAP,89728000.0,,89728000.0,Brønnøysund,0,161953
NEL,NO0010081235,7795,979938799,2011,Sum kortsiktig gjeld,Total short-term debt,Sum kortsiktig gjeld,347,BALANSEREGNSKAP,8094000.0,,8094000.0,Brønnøysund,0,161954
NEL,NO0010081235,7795,979938799,2011,Sum driftsinntekter,Total income,Sum inntekter,18,RESULTATREGNSKAP,3095000.0,,3095000.0,Brønnøysund,0,161949
NEL,NO0010081235,7795,979938799,2011,Sum egenkapital,Total equity,Sum Egenkapital,223,BALANSEREGNSKAP,54975000.0,,54975000.0,Brønnøysund,0,161950
NEL,NO0010081235,7795,979938799,2011,Sum fordringer,Other short-term receivables,Andre kortsiktige fordringer,304,BALANSEREGNSKAP,5236000.0,,5236000.0,Brønnøysund,0,161951
NEL,NO0010081235,7795,979938799,2012,Sum driftsinntekter,Total income,Sum inntekter,18,RESULTATREGNSKAP,126000.0,,126000.0,Brønnøysund,0,141111
NEL,NO0010081235,7795,979938799,2012,Sum driftskostnader,Total operating expenses,Sum driftskostnader,46,RESULTATREGNSKAP,42078000.0,,42078000.0,Brønnøysund,0,141112
NEL,NO0010081235,7795,979938799,2012,Sum egenkapital,Total equity,Sum Egenkapital,223,BALANSEREGNSKAP,13483000.0,,13483000.0,Brønnøysund,0,141113
NEL,NO0010081235,7795,979938799,2012,Sum egenkapital og gjeld,Total liabilities and equity,Sum gjeld og egenkapital,374,BALANSEREGNSKAP,26546000.0,,26546000.0,Brønnøysund,0,141114
NEL,NO0010081235,7795,979938799,2012,Sum fordringer,Other short-term receivables,Andre kortsiktige fordringer,304,BALANSEREGNSKAP,4908000.0,,4908000.0,Brønnøysund,0,141115
NEL,NO0010081235,7795,979938799,2012,Sum immaterielle anleggsmidler,Other intangible assets,Andre immatrielle eiendeler,323,BALANSEREGNSKAP,553000.0,,553000.0,Brønnøysund,0,141116
NEL,NO0010081235,7795,979938799,2012,Sum investeringer,Other current assets,Andre omløpsmidler,151,BALANSEREGNSKAP,0.0,,0.0,Brønnøysund,0,141117
NEL,NO0010081235,7795,979938799,2012,Sum Kasse/Bank/Post,Cash and deposits,"Kasse, bank, post",295,BALANSEREGNSKAP,18446000.0,,18446000.0,Brønnøysund,0,141118
NEL,NO0010081235,7795,979938799,2012,Sum kortsiktig gjeld,Total short-term debt,Sum kortsiktig gjeld,347,BALANSEREGNSKAP,8803000.0,,8803000.0,Brønnøysund,0,141119
NEL,NO0010081235,7795,979938799,2012,Sum langsiktig gjeld,Total long-term debt,Sum langsiktig gjeld,353,BALANSEREGNSKAP,4261000.0,,4261000.0,Brønnøysund,0,141120
NEL,NO0010081235,7795,979938799,2012,Sum opptjent egenkapital,Other retained earnings,Annen opptjent egenkapital,738,BALANSEREGNSKAP,-40901000.0,,-40901000.0,Brønnøysund,0,141121
NEL,NO0010081235,7795,979938799,2012,Årsresultat,Net income,Årsresultat,121,RESULTATREGNSKAP,-40901000.0,,-40901000.0,Brønnøysund,0,161968
NEL,NO0010081235,7795,979938799,2012,Netto finans,Other financial income/expenses,Andre finansinntekter/kostnader,578,RESULTATREGNSKAP,1051000.0,,1051000.0,Brønnøysund,0,161958
NEL,NO0010081235,7795,979938799,2012,Sum varige driftsmidler,Fixed assets,Varige driftsmidler,332,BALANSEREGNSKAP,1716000.0,,1716000.0,Brønnøysund,0,161967
NEL,NO0010081235,7795,979938799,2012,Sum varelager,Inventory,Varer,754,BALANSEREGNSKAP,924000.0,,924000.0,Brønnøysund,0,161966
NEL,NO0010081235,7795,979938799,2012,Sum omløpsmidler,Total short-term assets,Sum omløpsmidler,313,BALANSEREGNSKAP,24277000.0,,24277000.0,Brønnøysund,0,161965
NEL,NO0010081235,7795,979938799,2012,Sum innskutt egenkapital,Share capital,Aksjekapital,366,BALANSEREGNSKAP,54383000.0,,54383000.0,Brønnøysund,0,161964
NEL,NO0010081235,7795,979938799,2012,Sum gjeld,Total debt,Sum gjeld,354,BALANSEREGNSKAP,13064000.0,,13064000.0,Brønnøysund,0,161963
NEL,NO0010081235,7795,979938799,2012,Sum finansielle anleggsmidler,Other capital assets,Andre anleggsmidler,511,BALANSEREGNSKAP,0.0,,0.0,Brønnøysund,0,161962
NEL,NO0010081235,7795,979938799,2012,Sum eiendeler,Total assets,Sum eiendeler,334,BALANSEREGNSKAP,26546000.0,,26546000.0,Brønnøysund,0,161961
NEL,NO0010081235,7795,979938799,2012,Sum annen rentekostnad,Interest expenses,Rentekostnader,543,RESULTATREGNSKAP,151000.0,,151000.0,Brønnøysund,0,161960
NEL,NO0010081235,7795,979938799,2012,Sum anleggsmidler,Total capital assets,Sum anleggsmidler,333,BALANSEREGNSKAP,2269000.0,,2269000.0,Brønnøysund,0,161959
NEL,NO0010081235,7795,979938799,2012,Driftsresultat,Operating profit(EBIT),Driftsresultat,47,RESULTATREGNSKAP,-41951000.0,,-41951000.0,Brønnøysund,0,141108
NEL,NO0010081235,7795,979938799,2012,Lønnskostnader,"Salaries, wages, social security and other personnel related expenses","Lønn, honorarer, andre personalkostnader?.",78,RESULTATREGNSKAP,25216000.0,,25216000.0,Brønnøysund,0,141109
NEL,NO0010081235,7795,979938799,2012,Sum annen renteinntekt,Interest income,Renteinntekter,229,RESULTATREGNSKAP,1275000.0,,1275000.0,Brønnøysund,0,141110
NEL,NO0010081235,7795,979938799,2013,Sum finansielle anleggsmidler,Other capital assets,Andre anleggsmidler,511,BALANSEREGNSKAP,0.0,,0.0,Brønnøysund,0,161973
NEL,NO0010081235,7795,979938799,2013,Sum egenkapital og gjeld,Total liabilities and equity,Sum gjeld og egenkapital,374,BALANSEREGNSKAP,15224000.0,,15224000.0,Brønnøysund,0,161972
NEL,NO0010081235,7795,979938799,2013,Sum driftskostnader,Total operating expenses,Sum driftskostnader,46,RESULTATREGNSKAP,37342000.0,,37342000.0,Brønnøysund,0,161971
NEL,NO0010081235,7795,979938799,2013,Netto finans,Other financial income/expenses,Andre finansinntekter/kostnader,578,RESULTATREGNSKAP,553000.0,,553000.0,Brønnøysund,0,161970
NEL,NO0010081235,7795,979938799,2013,Lønnskostnader,"Salaries, wages, social security and other personnel related expenses","Lønn, honorarer, andre personalkostnader?.",78,RESULTATREGNSKAP,20843000.0,,20843000.0,Brønnøysund,0,161969
NEL,NO0010081235,7795,979938799,2013,Sum investeringer,Other current assets,Andre omløpsmidler,151,BALANSEREGNSKAP,0.0,,0.0,Brønnøysund,0,161977
NEL,NO0010081235,7795,979938799,2013,Sum langsiktig gjeld,Total long-term debt,Sum langsiktig gjeld,353,BALANSEREGNSKAP,0.0,,0.0,Brønnøysund,0,161978
NEL,NO0010081235,7795,979938799,2013,Sum omløpsmidler,Total short-term assets,Sum omløpsmidler,313,BALANSEREGNSKAP,14889000.0,,14889000.0,Brønnøysund,0,141132
NEL,NO0010081235,7795,979938799,2013,Sum kortsiktig gjeld,Total short-term debt,Sum kortsiktig gjeld,347,BALANSEREGNSKAP,6549000.0,,6549000.0,Brønnøysund,0,141131
NEL,NO0010081235,7795,979938799,2013,Sum Kasse/Bank/Post,Cash and deposits,"Kasse, bank, post",295,BALANSEREGNSKAP,11492000.0,,11492000.0,Brønnøysund,0,141130
NEL,NO0010081235,7795,979938799,2013,Sum immaterielle anleggsmidler,Other intangible assets,Andre immatrielle eiendeler,323,BALANSEREGNSKAP,0.0,,0.0,Brønnøysund,0,141129
NEL,NO0010081235,7795,979938799,2013,Sum eiendeler,Total assets,Sum eiendeler,334,BALANSEREGNSKAP,15224000.0,,15224000.0,Brønnøysund,0,141128
NEL,NO0010081235,7795,979938799,2013,Sum egenkapital,Total equity,Sum Egenkapital,223,BALANSEREGNSKAP,8675000.0,,8675000.0,Brønnøysund,0,141127
NEL,NO0010081235,7795,979938799,2013,Sum driftsinntekter,Total income,Sum inntekter,18,RESULTATREGNSKAP,157000.0,,157000.0,Brønnøysund,0,141126
NEL,NO0010081235,7795,979938799,2013,Sum annen renteinntekt,Interest income,Renteinntekter,229,RESULTATREGNSKAP,564000.0,,564000.0,Brønnøysund,0,141124
NEL,NO0010081235,7795,979938799,2013,Sum annen rentekostnad,Interest expenses,Rentekostnader,543,RESULTATREGNSKAP,51000.0,,51000.0,Brønnøysund,0,141125
NEL,NO0010081235,7795,979938799,2013,Sum anleggsmidler,Total capital assets,Sum anleggsmidler,333,BALANSEREGNSKAP,335000.0,,335000.0,Brønnøysund,0,141123
NEL,NO0010081235,7795,979938799,2013,Driftsresultat,Operating profit(EBIT),Driftsresultat,47,RESULTATREGNSKAP,-37185000.0,,-37185000.0,Brønnøysund,0,141122
NEL,NO0010081235,7795,979938799,2013,Sum innskutt egenkapital,Share capital,Aksjekapital,366,BALANSEREGNSKAP,46337000.0,,46337000.0,Brønnøysund,0,161976
NEL,NO0010081235,7795,979938799,2013,Sum gjeld,Total debt,Sum gjeld,354,BALANSEREGNSKAP,6549000.0,,6549000.0,Brønnøysund,0,161975
NEL,NO0010081235,7795,979938799,2013,Årsresultat,Net income,Årsresultat,121,RESULTATREGNSKAP,-36633000.0,,-36633000.0,Brønnøysund,0,161982
NEL,NO0010081235,7795,979938799,2013,Sum varige driftsmidler,Fixed assets,Varige driftsmidler,332,BALANSEREGNSKAP,335000.0,,335000.0,Brønnøysund,0,161981
NEL,NO0010081235,7795,979938799,2013,Sum fordringer,Other short-term receivables,Andre kortsiktige fordringer,304,BALANSEREGNSKAP,3397000.0,,3397000.0,Brønnøysund,0,161974
NEL,NO0010081235,7795,979938799,2013,Sum varelager,Inventory,Varer,754,BALANSEREGNSKAP,0.0,,0.0,Brønnøysund,0,161980
NEL,NO0010081235,7795,979938799,2013,Sum opptjent egenkapital,Other retained earnings,Annen opptjent egenkapital,738,BALANSEREGNSKAP,-37662000.0,,-37662000.0,Brønnøysund,0,161979
NEL,NO0010081235,7795,979938799,2014,Netto finans,Other financial income/expenses,Andre finansinntekter/kostnader,578,RESULTATREGNSKAP,1539000.0,1539000.0,17186000.0,Brønnøysund,1,141133
NEL,NO0010081235,7795,979938799,2014,Sum anleggsmidler,Total capital assets,Sum anleggsmidler,333,BALANSEREGNSKAP,114278000.0,114278000.0,120000000.0,Brønnøysund,1,141134
NEL,NO0010081235,7795,979938799,2014,Sum annen renteinntekt,Interest income,Renteinntekter,229,RESULTATREGNSKAP,936000.0,936000.0,929000.0,Brønnøysund,1,141135
NEL,NO0010081235,7795,979938799,2014,Sum annen rentekostnad,Interest expenses,Rentekostnader,543,RESULTATREGNSKAP,143000.0,143000.0,0.0,Brønnøysund,1,141136
NEL,NO0010081235,7795,979938799,2014,Sum driftsinntekter,Total income,Sum inntekter,18,RESULTATREGNSKAP,12067000.0,12067000.0,200000.0,Brønnøysund,1,141137
NEL,NO0010081235,7795,979938799,2014,Sum eiendeler,Total assets,Sum eiendeler,334,BALANSEREGNSKAP,239179000.0,239179000.0,212851000.0,Brønnøysund,1,141138
NEL,NO0010081235,7795,979938799,2014,Sum gjeld,Total debt,Sum gjeld,354,BALANSEREGNSKAP,43242000.0,43242000.0,1996000.0,Brønnøysund,1,141139
NEL,NO0010081235,7795,979938799,2014,Sum innskutt egenkapital,Share capital,Aksjekapital,366,BALANSEREGNSKAP,202448000.0,202448000.0,203333000.0,Brønnøysund,1,141140
NEL,NO0010081235,7795,979938799,2014,Sum kortsiktig gjeld,Total short-term debt,Sum kortsiktig gjeld,347,BALANSEREGNSKAP,19681000.0,19681000.0,1996000.0,Brønnøysund,1,141141
NEL,NO0010081235,7795,979938799,2014,Sum langsiktig gjeld,Total long-term debt,Sum langsiktig gjeld,353,BALANSEREGNSKAP,23562000.0,23562000.0,0.0,Brønnøysund,1,141142
NEL,NO0010081235,7795,979938799,2014,Sum omløpsmidler,Total short-term assets,Sum omløpsmidler,313,BALANSEREGNSKAP,124901000.0,124901000.0,92851000.0,Brønnøysund,1,141143
NEL,NO0010081235,7795,979938799,2014,Sum varelager,Inventory,Varer,754,BALANSEREGNSKAP,6071000.0,6071000.0,0.0,Brønnøysund,1,141144
NEL,NO0010081235,7795,979938799,2014,Sum varige driftsmidler,Fixed assets,Varige driftsmidler,332,BALANSEREGNSKAP,5067000.0,5067000.0,0.0,Brønnøysund,1,141145
NEL,NO0010081235,7795,979938799,2014,Årsresultat,Net income,Årsresultat,121,RESULTATREGNSKAP,-6511000.0,-6511000.0,7521000.0,Brønnøysund,1,141146
NEL,NO0010081235,7795,979938799,2014,Sum immaterielle anleggsmidler,Other intangible assets,Andre immatrielle eiendeler,323,BALANSEREGNSKAP,108949000.0,108949000.0,0.0,Brønnøysund,1,161990
NEL,NO0010081235,7795,979938799,2014,Sum investeringer,Other current assets,Andre omløpsmidler,151,BALANSEREGNSKAP,0.0,0.0,0.0,Brønnøysund,1,161991
NEL,NO0010081235,7795,979938799,2014,Sum Kasse/Bank/Post,Cash and deposits,"Kasse, bank, post",295,BALANSEREGNSKAP,98497000.0,98497000.0,75738000.0,Brønnøysund,1,161992
NEL,NO0010081235,7795,979938799,2014,Sum opptjent egenkapital,Other retained earnings,Annen opptjent egenkapital,738,BALANSEREGNSKAP,-6511000.0,-6511000.0,7521000.0,Brønnøysund,1,161993
NEL,NO0010081235,7795,979938799,2014,Sum finansielle anleggsmidler,Other capital assets,Andre anleggsmidler,511,BALANSEREGNSKAP,263000.0,263000.0,120000000.0,Brønnøysund,1,161988
NEL,NO0010081235,7795,979938799,2014,Driftsresultat,Operating profit(EBIT),Driftsresultat,47,RESULTATREGNSKAP,-13173000.0,-13173000.0,-9664000.0,Brønnøysund,1,161983
NEL,NO0010081235,7795,979938799,2014,Lønnskostnader,"Salaries, wages, social security and other personnel related expenses","Lønn, honorarer, andre personalkostnader?.",78,RESULTATREGNSKAP,7342000.0,7342000.0,1787000.0,Brønnøysund,1,161984
NEL,NO0010081235,7795,979938799,2014,Sum driftskostnader,Total operating expenses,Sum driftskostnader,46,RESULTATREGNSKAP,25239000.0,25239000.0,9864000.0,Brønnøysund,1,161985
NEL,NO0010081235,7795,979938799,2014,Sum egenkapital,Total equity,Sum Egenkapital,223,BALANSEREGNSKAP,195937000.0,195937000.0,210855000.0,Brønnøysund,1,161986
NEL,NO0010081235,7795,979938799,2014,Sum egenkapital og gjeld,Total liabilities and equity,Sum gjeld og egenkapital,374,BALANSEREGNSKAP,239179000.0,239179000.0,212851000.0,Brønnøysund,1,161987
NEL,NO0010081235,7795,979938799,2014,Sum fordringer,Other short-term receivables,Andre kortsiktige fordringer,304,BALANSEREGNSKAP,20332000.0,20332000.0,17114000.0,Brønnøysund,1,161989
NEL,NO0010081235,7795,979938799,2015,Lønnskostnader,"Salaries, wages, social security and other personnel related expenses","Lønn, honorarer, andre personalkostnader?.",78,RESULTATREGNSKAP,29891000.0,29891000.0,1309000.0,Brønnøysund,1,141147
NEL,NO0010081235,7795,979938799,2015,Sum annen rentekostnad,Interest expenses,Rentekostnader,543,RESULTATREGNSKAP,503000.0,503000.0,5000.0,Brønnøysund,1,141148
NEL,NO0010081235,7795,979938799,2015,Sum eiendeler,Total assets,Sum eiendeler,334,BALANSEREGNSKAP,815649000.0,815649000.0,742233000.0,Brønnøysund,1,141149
NEL,NO0010081235,7795,979938799,2015,Sum fordringer,Other short-term receivables,Andre kortsiktige fordringer,304,BALANSEREGNSKAP,51079000.0,51079000.0,25659000.0,Brønnøysund,1,141150
NEL,NO0010081235,7795,979938799,2015,Sum innskutt egenkapital,Share capital,Aksjekapital,366,BALANSEREGNSKAP,739030000.0,739030000.0,739635000.0,Brønnøysund,1,141151
NEL,NO0010081235,7795,979938799,2015,Sum investeringer,Other current assets,Andre omløpsmidler,151,BALANSEREGNSKAP,1507000.0,1507000.0,0.0,Brønnøysund,1,141152
NEL,NO0010081235,7795,979938799,2015,Sum Kasse/Bank/Post,Cash and deposits,"Kasse, bank, post",295,BALANSEREGNSKAP,313042000.0,313042000.0,296516000.0,Brønnøysund,1,141153
NEL,NO0010081235,7795,979938799,2015,Sum langsiktig gjeld,Total long-term debt,Sum langsiktig gjeld,353,BALANSEREGNSKAP,35668000.0,35668000.0,0.0,Brønnøysund,1,141154
NEL,NO0010081235,7795,979938799,2015,Sum omløpsmidler,Total short-term assets,Sum omløpsmidler,313,BALANSEREGNSKAP,380650000.0,380650000.0,322175000.0,Brønnøysund,1,141155
NEL,NO0010081235,7795,979938799,2015,Sum varige driftsmidler,Fixed assets,Varige driftsmidler,332,BALANSEREGNSKAP,16529000.0,16529000.0,0.0,Brønnøysund,1,141156
NEL,NO0010081235,7795,979938799,2015,Årsresultat,Net income,Årsresultat,121,RESULTATREGNSKAP,-21731000.0,-21731000.0,-11943000.0,Brønnøysund,1,141157
NEL,NO0010081235,7795,979938799,2015,Sum egenkapital og gjeld,Total liabilities and equity,Sum gjeld og egenkapital,374,BALANSEREGNSKAP,815649000.0,815649000.0,742233000.0,Brønnøysund,1,162001
NEL,NO0010081235,7795,979938799,2015,Sum annen renteinntekt,Interest income,Renteinntekter,229,RESULTATREGNSKAP,2303000.0,2303000.0,2282000.0,Brønnøysund,1,161997
NEL,NO0010081235,7795,979938799,2015,Sum driftsinntekter,Total income,Sum inntekter,18,RESULTATREGNSKAP,99925000.0,99925000.0,2400000.0,Brønnøysund,1,161998
NEL,NO0010081235,7795,979938799,2015,Sum driftskostnader,Total operating expenses,Sum driftskostnader,46,RESULTATREGNSKAP,118184000.0,118184000.0,16800000.0,Brønnøysund,1,161999
NEL,NO0010081235,7795,979938799,2015,Sum anleggsmidler,Total capital assets,Sum anleggsmidler,333,BALANSEREGNSKAP,434998000.0,434998000.0,420057000.0,Brønnøysund,1,161996
NEL,NO0010081235,7795,979938799,2015,Sum varelager,Inventory,Varer,754,BALANSEREGNSKAP,15023000.0,15023000.0,0.0,Brønnøysund,1,162007
NEL,NO0010081235,7795,979938799,2015,Sum opptjent egenkapital,Other retained earnings,Annen opptjent egenkapital,738,BALANSEREGNSKAP,-8022000.0,-8022000.0,-3536000.0,Brønnøysund,1,162006
NEL,NO0010081235,7795,979938799,2015,Sum egenkapital,Total equity,Sum Egenkapital,223,BALANSEREGNSKAP,731008000.0,731008000.0,736098000.0,Brønnøysund,1,162000
NEL,NO0010081235,7795,979938799,2015,Sum kortsiktig gjeld,Total short-term debt,Sum kortsiktig gjeld,347,BALANSEREGNSKAP,48972000.0,48972000.0,6135000.0,Brønnøysund,1,162005
NEL,NO0010081235,7795,979938799,2015,Sum immaterielle anleggsmidler,Other intangible assets,Andre immatrielle eiendeler,323,BALANSEREGNSKAP,411172000.0,411172000.0,0.0,Brønnøysund,1,162004
NEL,NO0010081235,7795,979938799,2015,Sum gjeld,Total debt,Sum gjeld,354,BALANSEREGNSKAP,84640000.0,84640000.0,6135000.0,Brønnøysund,1,162003
NEL,NO0010081235,7795,979938799,2015,Sum finansielle anleggsmidler,Other capital assets,Andre anleggsmidler,511,BALANSEREGNSKAP,7297000.0,7297000.0,420057000.0,Brønnøysund,1,162002
NEL,NO0010081235,7795,979938799,2015,Driftsresultat,Operating profit(EBIT),Driftsresultat,47,RESULTATREGNSKAP,-18259000.0,-18259000.0,-14400000.0,Brønnøysund,1,161994
NEL,NO0010081235,7795,979938799,2015,Netto finans,Other financial income/expenses,Andre finansinntekter/kostnader,578,RESULTATREGNSKAP,-9521000.0,-9521000.0,2457000.0,Brønnøysund,1,161995
NEL,NO0010081235,7795,979938799,2016,Sum langsiktig gjeld,Total long-term debt,Sum langsiktig gjeld,353,BALANSEREGNSKAP,26102000.0,26102000.0,0.0,Brønnøysund,1,141172
NEL,NO0010081235,7795,979938799,2016,Sum varelager,Inventory,Varer,754,BALANSEREGNSKAP,36266000.0,36266000.0,0.0,Brønnøysund,1,141173
NEL,NO0010081235,7795,979938799,2016,Årsresultat,Net income,Årsresultat,121,RESULTATREGNSKAP,-55829000.0,-55829000.0,-22156000.0,Brønnøysund,1,141175
NEL,NO0010081235,7795,979938799,2016,Sum opptjent egenkapital,Other retained earnings,Annen opptjent egenkapital,738,BALANSEREGNSKAP,-83468000.0,-83468000.0,-25692000.0,Brønnøysund,1,162014
NEL,NO0010081235,7795,979938799,2016,Sum omløpsmidler,Total short-term assets,Sum omløpsmidler,313,BALANSEREGNSKAP,300019000.0,300019000.0,185391000.0,Brønnøysund,1,162013
NEL,NO0010081235,7795,979938799,2016,Driftsresultat,Operating profit(EBIT),Driftsresultat,47,RESULTATREGNSKAP,-55312000.0,-55312000.0,-24477000.0,Brønnøysund,1,141158
NEL,NO0010081235,7795,979938799,2016,Sum investeringer,Other current assets,Andre omløpsmidler,151,BALANSEREGNSKAP,0.0,0.0,0.0,Brønnøysund,1,162012
NEL,NO0010081235,7795,979938799,2016,Sum immaterielle anleggsmidler,Other intangible assets,Andre immatrielle eiendeler,323,BALANSEREGNSKAP,403344000.0,403344000.0,0.0,Brønnøysund,1,162011
NEL,NO0010081235,7795,979938799,2016,Lønnskostnader,"Salaries, wages, social security and other personnel related expenses","Lønn, honorarer, andre personalkostnader?.",78,RESULTATREGNSKAP,60266000.0,60266000.0,13175000.0,Brønnøysund,1,141159
NEL,NO0010081235,7795,979938799,2016,Sum anleggsmidler,Total capital assets,Sum anleggsmidler,333,BALANSEREGNSKAP,462855000.0,462855000.0,548756000.0,Brønnøysund,1,141160
NEL,NO0010081235,7795,979938799,2016,Sum annen rentekostnad,Interest expenses,Rentekostnader,543,RESULTATREGNSKAP,629000.0,629000.0,18000.0,Brønnøysund,1,141161
NEL,NO0010081235,7795,979938799,2016,Sum egenkapital og gjeld,Total liabilities and equity,Sum gjeld og egenkapital,374,BALANSEREGNSKAP,762875000.0,762875000.0,734148000.0,Brønnøysund,1,162010
NEL,NO0010081235,7795,979938799,2016,Sum driftsinntekter,Total income,Sum inntekter,18,RESULTATREGNSKAP,114479000.0,114479000.0,3184000.0,Brønnøysund,1,141162
NEL,NO0010081235,7795,979938799,2016,Netto finans,Other financial income/expenses,Andre finansinntekter/kostnader,578,RESULTATREGNSKAP,-7325000.0,-7325000.0,2321000.0,Brønnøysund,1,162008
NEL,NO0010081235,7795,979938799,2016,Sum driftskostnader,Total operating expenses,Sum driftskostnader,46,RESULTATREGNSKAP,169790000.0,169790000.0,27661000.0,Brønnøysund,1,141163
NEL,NO0010081235,7795,979938799,2016,Sum egenkapital,Total equity,Sum Egenkapital,223,BALANSEREGNSKAP,671219000.0,671219000.0,730977000.0,Brønnøysund,1,141164
NEL,NO0010081235,7795,979938799,2016,Sum eiendeler,Total assets,Sum eiendeler,334,BALANSEREGNSKAP,762875000.0,762875000.0,734148000.0,Brønnøysund,1,141165
NEL,NO0010081235,7795,979938799,2016,Sum finansielle anleggsmidler,Other capital assets,Andre anleggsmidler,511,BALANSEREGNSKAP,13708000.0,13708000.0,548344000.0,Brønnøysund,1,141166
NEL,NO0010081235,7795,979938799,2016,Sum annen renteinntekt,Interest income,Renteinntekter,229,RESULTATREGNSKAP,2399000.0,2399000.0,2233000.0,Brønnøysund,1,162009
NEL,NO0010081235,7795,979938799,2016,Sum fordringer,Other short-term receivables,Andre kortsiktige fordringer,304,BALANSEREGNSKAP,38287000.0,38287000.0,28179000.0,Brønnøysund,1,141167
NEL,NO0010081235,7795,979938799,2016,Sum gjeld,Total debt,Sum gjeld,354,BALANSEREGNSKAP,91655000.0,91655000.0,3171000.0,Brønnøysund,1,141168
NEL,NO0010081235,7795,979938799,2016,Sum innskutt egenkapital,Share capital,Aksjekapital,366,BALANSEREGNSKAP,754688000.0,754688000.0,756669000.0,Brønnøysund,1,141169
NEL,NO0010081235,7795,979938799,2016,Sum Kasse/Bank/Post,Cash and deposits,"Kasse, bank, post",295,BALANSEREGNSKAP,225467000.0,225467000.0,157212000.0,Brønnøysund,1,141170
NEL,NO0010081235,7795,979938799,2016,Sum kortsiktig gjeld,Total short-term debt,Sum kortsiktig gjeld,347,BALANSEREGNSKAP,65553000.0,65553000.0,3171000.0,Brønnøysund,1,141171
NEL,NO0010081235,7795,979938799,2016,Sum varige driftsmidler,Fixed assets,Varige driftsmidler,332,BALANSEREGNSKAP,45804000.0,45804000.0,413000.0,Brønnøysund,1,141174
NEL,NO0010081235,7795,979938799,2017,Driftsresultat,Operating profit(EBIT),Driftsresultat,47,RESULTATREGNSKAP,-117162000.0,-117162000.0,-37133000.0,Brønnøysund,1,141176
NEL,NO0010081235,7795,979938799,2017,Lønnskostnader,"Salaries, wages, social security and other personnel related expenses","Lønn, honorarer, andre personalkostnader?.",78,RESULTATREGNSKAP,130021000.0,130021000.0,20850000.0,Brønnøysund,1,141177
NEL,NO0010081235,7795,979938799,2017,Sum langsiktig gjeld,Total long-term debt,Sum langsiktig gjeld,353,BALANSEREGNSKAP,102396000.0,102396000.0,0.0,Brønnøysund,1,162025
NEL,NO0010081235,7795,979938799,2017,Sum anleggsmidler,Total capital assets,Sum anleggsmidler,333,BALANSEREGNSKAP,1141370000.0,1141370000.0,1192180000.0,Brønnøysund,1,162015
NEL,NO0010081235,7795,979938799,2017,Netto finans,Other financial income/expenses,Andre finansinntekter/kostnader,578,RESULTATREGNSKAP,-7285000.0,-7285000.0,4414000.0,Brønnøysund,1,141178
NEL,NO0010081235,7795,979938799,2017,Sum annen rentekostnad,Interest expenses,Rentekostnader,543,RESULTATREGNSKAP,399000.0,399000.0,24000.0,Brønnøysund,1,141179
NEL,NO0010081235,7795,979938799,2017,Sum driftsinntekter,Total income,Sum inntekter,18,RESULTATREGNSKAP,298426000.0,298426000.0,6301000.0,Brønnøysund,1,141180
NEL,NO0010081235,7795,979938799,2017,Sum egenkapital,Total equity,Sum Egenkapital,223,BALANSEREGNSKAP,1409390000.0,1409390000.0,1451230000.0,Brønnøysund,1,141181
NEL,NO0010081235,7795,979938799,2017,Sum annen renteinntekt,Interest income,Renteinntekter,229,RESULTATREGNSKAP,2442000.0,2442000.0,2026000.0,Brønnøysund,1,162016
NEL,NO0010081235,7795,979938799,2017,Sum driftskostnader,Total operating expenses,Sum driftskostnader,46,RESULTATREGNSKAP,415588000.0,415588000.0,43434000.0,Brønnøysund,1,162017
NEL,NO0010081235,7795,979938799,2017,Sum egenkapital og gjeld,Total liabilities and equity,Sum gjeld og egenkapital,374,BALANSEREGNSKAP,1725660000.0,1725660000.0,1457620000.0,Brønnøysund,1,162018
NEL,NO0010081235,7795,979938799,2017,Sum fordringer,Other short-term receivables,Andre kortsiktige fordringer,304,BALANSEREGNSKAP,150559000.0,150559000.0,7228000.0,Brønnøysund,1,162019
NEL,NO0010081235,7795,979938799,2017,Sum immaterielle anleggsmidler,Other intangible assets,Andre immatrielle eiendeler,323,BALANSEREGNSKAP,1018150000.0,1018150000.0,0.0,Brønnøysund,1,162020
NEL,NO0010081235,7795,979938799,2017,Sum innskutt egenkapital,Share capital,Aksjekapital,366,BALANSEREGNSKAP,1503760000.0,1503760000.0,1504630000.0,Brønnøysund,1,162021
NEL,NO0010081235,7795,979938799,2017,Sum investeringer,Other current assets,Andre omløpsmidler,151,BALANSEREGNSKAP,0.0,0.0,0.0,Brønnøysund,1,162022
NEL,NO0010081235,7795,979938799,2017,Sum Kasse/Bank/Post,Cash and deposits,"Kasse, bank, post",295,BALANSEREGNSKAP,295000000.0,295000000.0,258219000.0,Brønnøysund,1,162023
NEL,NO0010081235,7795,979938799,2017,Sum kortsiktig gjeld,Total short-term debt,Sum kortsiktig gjeld,347,BALANSEREGNSKAP,213874000.0,213874000.0,6399000.0,Brønnøysund,1,162024
NEL,NO0010081235,7795,979938799,2017,Sum omløpsmidler,Total short-term assets,Sum omløpsmidler,313,BALANSEREGNSKAP,584282000.0,584282000.0,265447000.0,Brønnøysund,1,162026
NEL,NO0010081235,7795,979938799,2017,Sum opptjent egenkapital,Other retained earnings,Annen opptjent egenkapital,738,BALANSEREGNSKAP,-94372000.0,-94372000.0,-53406000.0,Brønnøysund,1,162027
NEL,NO0010081235,7795,979938799,2017,Sum varige driftsmidler,Fixed assets,Varige driftsmidler,332,BALANSEREGNSKAP,96198000.0,96198000.0,417000.0,Brønnøysund,1,162028
NEL,NO0010081235,7795,979938799,2017,Årsresultat,Net income,Årsresultat,121,RESULTATREGNSKAP,-52447000.0,-52447000.0,-32719000.0,Brønnøysund,1,162029
NEL,NO0010081235,7795,979938799,2017,Sum varelager,Inventory,Varer,754,BALANSEREGNSKAP,138723000.0,138723000.0,0.0,Brønnøysund,1,141185
NEL,NO0010081235,7795,979938799,2017,Sum finansielle anleggsmidler,Other capital assets,Andre anleggsmidler,511,BALANSEREGNSKAP,27026000.0,27026000.0,1191760000.0,Brønnøysund,1,141183
NEL,NO0010081235,7795,979938799,2017,Sum eiendeler,Total assets,Sum eiendeler,334,BALANSEREGNSKAP,1725660000.0,1725660000.0,1457620000.0,Brønnøysund,1,141182
NEL,NO0010081235,7795,979938799,2017,Sum gjeld,Total debt,Sum gjeld,354,BALANSEREGNSKAP,316270000.0,316270000.0,6399000.0,Brønnøysund,1,141184
NEL,NO0010081235,7795,979938799,2018,Sum varige driftsmidler,Fixed assets,Varige driftsmidler,332,BALANSEREGNSKAP,135383000.0,135383000.0,1017000.0,Brønnøysund,1,141198
NEL,NO0010081235,7795,979938799,2018,Driftsresultat,Operating profit(EBIT),Driftsresultat,47,RESULTATREGNSKAP,-196062000.0,-196062000.0,-22634000.0,Brønnøysund,1,141186
NEL,NO0010081235,7795,979938799,2018,Netto finans,Other financial income/expenses,Andre finansinntekter/kostnader,578,RESULTATREGNSKAP,-1442000.0,-1442000.0,6590000.0,Brønnøysund,1,141188
NEL,NO0010081235,7795,979938799,2018,Lønnskostnader,"Salaries, wages, social security and other personnel related expenses","Lønn, honorarer, andre personalkostnader?.",78,RESULTATREGNSKAP,182726000.0,182726000.0,15931000.0,Brønnøysund,1,141187
NEL,NO0010081235,7795,979938799,2018,Sum annen renteinntekt,Interest income,Renteinntekter,229,RESULTATREGNSKAP,3271000.0,3271000.0,2595000.0,Brønnøysund,1,141189
NEL,NO0010081235,7795,979938799,2018,Sum egenkapital og gjeld,Total liabilities and equity,Sum gjeld og egenkapital,374,BALANSEREGNSKAP,1944400000.0,1944400000.0,1775220000.0,Brønnøysund,1,141190
NEL,NO0010081235,7795,979938799,2018,Årsresultat,Net income,Årsresultat,121,RESULTATREGNSKAP,-188828000.0,-188828000.0,-16044000.0,Brønnøysund,1,162040
NEL,NO0010081235,7795,979938799,2018,Sum anleggsmidler,Total capital assets,Sum anleggsmidler,333,BALANSEREGNSKAP,1307740000.0,1307740000.0,1481190000.0,Brønnøysund,1,162030
NEL,NO0010081235,7795,979938799,2018,Sum omløpsmidler,Total short-term assets,Sum omløpsmidler,313,BALANSEREGNSKAP,636655000.0,636655000.0,294035000.0,Brønnøysund,1,141197
NEL,NO0010081235,7795,979938799,2018,Sum kortsiktig gjeld,Total short-term debt,Sum kortsiktig gjeld,347,BALANSEREGNSKAP,189481000.0,189481000.0,10562000.0,Brønnøysund,1,141196
NEL,NO0010081235,7795,979938799,2018,Sum innskutt egenkapital,Share capital,Aksjekapital,366,BALANSEREGNSKAP,1838210000.0,1838210000.0,1838210000.0,Brønnøysund,1,141195
NEL,NO0010081235,7795,979938799,2018,Sum immaterielle anleggsmidler,Other intangible assets,Andre immatrielle eiendeler,323,BALANSEREGNSKAP,1100030000.0,1100030000.0,,Brønnøysund,1,141194
NEL,NO0010081235,7795,979938799,2018,Sum gjeld,Total debt,Sum gjeld,354,BALANSEREGNSKAP,365422000.0,365422000.0,10562000.0,Brønnøysund,1,141193
NEL,NO0010081235,7795,979938799,2018,Sum fordringer,Other short-term receivables,Andre kortsiktige fordringer,304,BALANSEREGNSKAP,152104000.0,152104000.0,12017000.0,Brønnøysund,1,141192
NEL,NO0010081235,7795,979938799,2018,Sum finansielle anleggsmidler,Other capital assets,Andre anleggsmidler,511,BALANSEREGNSKAP,72333000.0,72333000.0,1480170000.0,Brønnøysund,1,141191
NEL,NO0010081235,7795,979938799,2018,Sum varelager,Inventory,Varer,754,BALANSEREGNSKAP,134804000.0,134804000.0,,Brønnøysund,1,162039
NEL,NO0010081235,7795,979938799,2018,Sum annen rentekostnad,Interest expenses,Rentekostnader,543,RESULTATREGNSKAP,704000.0,704000.0,151000.0,Brønnøysund,1,162031
NEL,NO0010081235,7795,979938799,2018,Sum driftsinntekter,Total income,Sum inntekter,18,RESULTATREGNSKAP,489048000.0,489048000.0,10932000.0,Brønnøysund,1,162032
NEL,NO0010081235,7795,979938799,2018,Sum driftskostnader,Total operating expenses,Sum driftskostnader,46,RESULTATREGNSKAP,685110000.0,685110000.0,33566000.0,Brønnøysund,1,162033
NEL,NO0010081235,7795,979938799,2018,Sum egenkapital,Total equity,Sum Egenkapital,223,BALANSEREGNSKAP,1578980000.0,1578980000.0,1764660000.0,Brønnøysund,1,162034
NEL,NO0010081235,7795,979938799,2018,Sum eiendeler,Total assets,Sum eiendeler,334,BALANSEREGNSKAP,1944400000.0,1944400000.0,1775220000.0,Brønnøysund,1,162035
NEL,NO0010081235,7795,979938799,2018,Sum Kasse/Bank/Post,Cash and deposits,"Kasse, bank, post",295,BALANSEREGNSKAP,349747000.0,349747000.0,282018000.0,Brønnøysund,1,162036
NEL,NO0010081235,7795,979938799,2018,Sum langsiktig gjeld,Total long-term debt,Sum langsiktig gjeld,353,BALANSEREGNSKAP,175941000.0,175941000.0,0.0,Brønnøysund,1,162037
NEL,NO0010081235,7795,979938799,2018,Sum opptjent egenkapital,Other retained earnings,Annen opptjent egenkapital,738,BALANSEREGNSKAP,-259237000.0,-259237000.0,-73551000.0,Brønnøysund,1,162038
NEL,NO0010081235,7795,979938799,2019,Sum egenkapital og gjeld,Total liabilities and equity,Sum gjeld og egenkapital,374,BALANSEREGNSKAP,2430670000.0,2430670000.0,2276940000.0,Brønnøysund,1,141201
NEL,NO0010081235,7795,979938799,2019,Sum driftsinntekter,Total income,Sum inntekter,18,RESULTATREGNSKAP,569708000.0,569708000.0,19264000.0,Brønnøysund,1,141200
NEL,NO0010081235,7795,979938799,2019,Sum anleggsmidler,Total capital assets,Sum anleggsmidler,333,BALANSEREGNSKAP,1440330000.0,1440330000.0,1760370000.0,Brønnøysund,1,141199
NEL,NO0010081235,7795,979938799,2019,Sum finansielle anleggsmidler,Other capital assets,Andre anleggsmidler,511,BALANSEREGNSKAP,66089000.0,66089000.0,1757680000.0,Brønnøysund,1,162049
NEL,NO0010081235,7795,979938799,2019,Sum fordringer,Other short-term receivables,Andre kortsiktige fordringer,304,BALANSEREGNSKAP,259123000.0,259123000.0,37007000.0,Brønnøysund,1,162050
NEL,NO0010081235,7795,979938799,2019,Sum gjeld,Total debt,Sum gjeld,354,BALANSEREGNSKAP,584055000.0,584055000.0,18411000.0,Brønnøysund,1,162051
NEL,NO0010081235,7795,979938799,2019,Sum immaterielle anleggsmidler,Other intangible assets,Andre immatrielle eiendeler,323,BALANSEREGNSKAP,1118080000.0,1118080000.0,,Brønnøysund,1,162052
NEL,NO0010081235,7795,979938799,2019,Sum innskutt egenkapital,Share capital,Aksjekapital,366,BALANSEREGNSKAP,2370080000.0,2370080000.0,2370080000.0,Brønnøysund,1,162053
NEL,NO0010081235,7795,979938799,2019,Sum investeringer,Other current assets,Andre omløpsmidler,151,BALANSEREGNSKAP,,,,Brønnøysund,1,162054
NEL,NO0010081235,7795,979938799,2019,Sum kortsiktig gjeld,Total short-term debt,Sum kortsiktig gjeld,347,BALANSEREGNSKAP,340409000.0,340409000.0,17379000.0,Brønnøysund,1,162055
NEL,NO0010081235,7795,979938799,2019,Sum langsiktig gjeld,Total long-term debt,Sum langsiktig gjeld,353,BALANSEREGNSKAP,243646000.0,243646000.0,1032000.0,Brønnøysund,1,162056
NEL,NO0010081235,7795,979938799,2019,Sum opptjent egenkapital,Other retained earnings,Annen opptjent egenkapital,738,BALANSEREGNSKAP,-523463000.0,-523463000.0,-111545000.0,Brønnøysund,1,162057
NEL,NO0010081235,7795,979938799,2019,Årsresultat,Net income,Årsresultat,121,RESULTATREGNSKAP,-269709000.0,-269709000.0,-36271000.0,Brønnøysund,1,141206
NEL,NO0010081235,7795,979938799,2019,Sum varige driftsmidler,Fixed assets,Varige driftsmidler,332,BALANSEREGNSKAP,256170000.0,256170000.0,2685000.0,Brønnøysund,1,141205
NEL,NO0010081235,7795,979938799,2019,Sum omløpsmidler,Total short-term assets,Sum omløpsmidler,313,BALANSEREGNSKAP,990339000.0,990339000.0,516574000.0,Brønnøysund,1,141203
NEL,NO0010081235,7795,979938799,2019,Sum Kasse/Bank/Post,Cash and deposits,"Kasse, bank, post",295,BALANSEREGNSKAP,525982000.0,525982000.0,,Brønnøysund,1,141202
NEL,NO0010081235,7795,979938799,2019,Sum varelager,Inventory,Varer,754,BALANSEREGNSKAP,205234000.0,205234000.0,,Brønnøysund,1,141204
NEL,NO0010081235,7795,979938799,2019,Driftsresultat,Operating profit(EBIT),Driftsresultat,47,RESULTATREGNSKAP,-253594000.0,-253594000.0,-24405000.0,Brønnøysund,1,162041
NEL,NO0010081235,7795,979938799,2019,Lønnskostnader,"Salaries, wages, social security and other personnel related expenses","Lønn, honorarer, andre personalkostnader?.",78,RESULTATREGNSKAP,243194000.0,243194000.0,26164000.0,Brønnøysund,1,162042
NEL,NO0010081235,7795,979938799,2019,Netto finans,Other financial income/expenses,Andre finansinntekter/kostnader,578,RESULTATREGNSKAP,-23644000.0,-23644000.0,-11866000.0,Brønnøysund,1,162043
NEL,NO0010081235,7795,979938799,2019,Sum annen renteinntekt,Interest income,Renteinntekter,229,RESULTATREGNSKAP,,,,Brønnøysund,1,162044
NEL,NO0010081235,7795,979938799,2019,Sum annen rentekostnad,Interest expenses,Rentekostnader,543,RESULTATREGNSKAP,,,,Brønnøysund,1,162045
NEL,NO0010081235,7795,979938799,2019,Sum driftskostnader,Total operating expenses,Sum driftskostnader,46,RESULTATREGNSKAP,823302000.0,823302000.0,43669000.0,Brønnøysund,1,162046
NEL,NO0010081235,7795,979938799,2019,Sum egenkapital,Total equity,Sum Egenkapital,223,BALANSEREGNSKAP,1846620000.0,1846620000.0,2258530000.0,Brønnøysund,1,162047
NEL,NO0010081235,7795,979938799,2019,Sum eiendeler,Total assets,Sum eiendeler,334,BALANSEREGNSKAP,2430670000.0,2430670000.0,2276940000.0,Brønnøysund,1,162048
NEL,NO0010081235,7795,979938799,2020,Årsresultat,Net income,Årsresultat,121,RESULTATREGNSKAP,1261880000.0,1261880000.0,156406000.0,Brønnøysund,1,141219
NEL,NO0010081235,7795,979938799,2020,Sum varige driftsmidler,Fixed assets,Varige driftsmidler,332,BALANSEREGNSKAP,378052000.0,378052000.0,1557000.0,Brønnøysund,1,141218
NEL,NO0010081235,7795,979938799,2020,Sum omløpsmidler,Total short-term assets,Sum omløpsmidler,313,BALANSEREGNSKAP,4593750000.0,4593750000.0,2471430000.0,Brønnøysund,1,141217
NEL,NO0010081235,7795,979938799,2020,Sum kortsiktig gjeld,Total short-term debt,Sum kortsiktig gjeld,347,BALANSEREGNSKAP,431087000.0,431087000.0,33881000.0,Brønnøysund,1,141216
NEL,NO0010081235,7795,979938799,2020,Sum Kasse/Bank/Post,Cash and deposits,"Kasse, bank, post",295,BALANSEREGNSKAP,2332850000.0,2332850000.0,,Brønnøysund,1,141215
NEL,NO0010081235,7795,979938799,2020,Sum investeringer,Other current assets,Andre omløpsmidler,151,BALANSEREGNSKAP,,,,Brønnøysund,1,141214
NEL,NO0010081235,7795,979938799,2020,Sum innskutt egenkapital,Share capital,Aksjekapital,366,BALANSEREGNSKAP,4692720000.0,4692720000.0,4692720000.0,Brønnøysund,1,141213
NEL,NO0010081235,7795,979938799,2020,Sum eiendeler,Total assets,Sum eiendeler,334,BALANSEREGNSKAP,6136700000.0,6136700000.0,4772300000.0,Brønnøysund,1,141212
NEL,NO0010081235,7795,979938799,2020,Sum egenkapital,Total equity,Sum Egenkapital,223,BALANSEREGNSKAP,5468320000.0,5468320000.0,4737580000.0,Brønnøysund,1,141211
NEL,NO0010081235,7795,979938799,2020,Sum driftsinntekter,Total income,Sum inntekter,18,RESULTATREGNSKAP,651881000.0,651881000.0,43545000.0,Brønnøysund,1,141210
NEL,NO0010081235,7795,979938799,2020,Sum annen rentekostnad,Interest expenses,Rentekostnader,543,RESULTATREGNSKAP,,,,Brønnøysund,1,141209
NEL,NO0010081235,7795,979938799,2020,Lønnskostnader,"Salaries, wages, social security and other personnel related expenses","Lønn, honorarer, andre personalkostnader?.",78,RESULTATREGNSKAP,329402000.0,329402000.0,33553000.0,Brønnøysund,1,141207
NEL,NO0010081235,7795,979938799,2020,Sum gjeld,Total debt,Sum gjeld,354,BALANSEREGNSKAP,668381000.0,668381000.0,34717000.0,Brønnøysund,1,162065
NEL,NO0010081235,7795,979938799,2020,Sum immaterielle anleggsmidler,Other intangible assets,Andre immatrielle eiendeler,323,BALANSEREGNSKAP,1091770000.0,1091770000.0,,Brønnøysund,1,162066
NEL,NO0010081235,7795,979938799,2020,Sum annen renteinntekt,Interest income,Renteinntekter,229,RESULTATREGNSKAP,,,,Brønnøysund,1,141208
NEL,NO0010081235,7795,979938799,2020,Sum langsiktig gjeld,Total long-term debt,Sum langsiktig gjeld,353,BALANSEREGNSKAP,237294000.0,237294000.0,836000.0,Brønnøysund,1,162067
NEL,NO0010081235,7795,979938799,2020,Sum opptjent egenkapital,Other retained earnings,Annen opptjent egenkapital,738,BALANSEREGNSKAP,775592000.0,775592000.0,44861000.0,Brønnøysund,1,162068
NEL,NO0010081235,7795,979938799,2020,Sum varelager,Inventory,Varer,754,BALANSEREGNSKAP,237129000.0,237129000.0,,Brønnøysund,1,162069
NEL,NO0010081235,7795,979938799,2020,Driftsresultat,Operating profit(EBIT),Driftsresultat,47,RESULTATREGNSKAP,-414497000.0,-414497000.0,-11927000.0,Brønnøysund,1,162058
NEL,NO0010081235,7795,979938799,2020,Netto finans,Other financial income/expenses,Andre finansinntekter/kostnader,578,RESULTATREGNSKAP,1660020000.0,1660020000.0,168333000.0,Brønnøysund,1,162059
NEL,NO0010081235,7795,979938799,2020,Sum anleggsmidler,Total capital assets,Sum anleggsmidler,333,BALANSEREGNSKAP,1542940000.0,1542940000.0,2300870000.0,Brønnøysund,1,162060
NEL,NO0010081235,7795,979938799,2020,Sum driftskostnader,Total operating expenses,Sum driftskostnader,46,RESULTATREGNSKAP,1066380000.0,1066380000.0,55472000.0,Brønnøysund,1,162061
NEL,NO0010081235,7795,979938799,2020,Sum egenkapital og gjeld,Total liabilities and equity,Sum gjeld og egenkapital,374,BALANSEREGNSKAP,6136700000.0,6136700000.0,4772300000.0,Brønnøysund,1,162062
NEL,NO0010081235,7795,979938799,2020,Sum finansielle anleggsmidler,Other capital assets,Andre anleggsmidler,511,BALANSEREGNSKAP,73124000.0,73124000.0,2299310000.0,Brønnøysund,1,162063
NEL,NO0010081235,7795,979938799,2020,Sum fordringer,Other short-term receivables,Andre kortsiktige fordringer,304,BALANSEREGNSKAP,2023770000.0,2023770000.0,252400000.0,Brønnøysund,1,162064
NEL,NO0010081235,7795,979938799,2021,Sum finansielle anleggsmidler,Other capital assets,Andre anleggsmidler,511,BALANSEREGNSKAP,95187000.0,95187000.0,3261730000.0,Brønnøysund,1,141226
NEL,NO0010081235,7795,979938799,2021,Sum fordringer,Other short-term receivables,Andre kortsiktige fordringer,304,BALANSEREGNSKAP,1092900000.0,1092900000.0,205478000.0,Brønnøysund,1,162075
NEL,NO0010081235,7795,979938799,2021,Sum driftskostnader,Total operating expenses,Sum driftskostnader,46,RESULTATREGNSKAP,1380850000.0,1380850000.0,96728000.0,Brønnøysund,1,141223
NEL,NO0010081235,7795,979938799,2021,Driftsresultat,Operating profit(EBIT),Driftsresultat,47,RESULTATREGNSKAP,-582853000.0,-582853000.0,-21079000.0,Brønnøysund,1,162070
NEL,NO0010081235,7795,979938799,2021,Lønnskostnader,"Salaries, wages, social security and other personnel related expenses","Lønn, honorarer, andre personalkostnader?.",78,RESULTATREGNSKAP,472010000.0,472010000.0,52032000.0,Brønnøysund,1,162071
NEL,NO0010081235,7795,979938799,2021,Sum anleggsmidler,Total capital assets,Sum anleggsmidler,333,BALANSEREGNSKAP,1862850000.0,1862850000.0,3271530000.0,Brønnøysund,1,162072
NEL,NO0010081235,7795,979938799,2021,Sum gjeld,Total debt,Sum gjeld,354,BALANSEREGNSKAP,968280000.0,968280000.0,55591000.0,Brønnøysund,1,162076
NEL,NO0010081235,7795,979938799,2021,Sum annen rentekostnad,Interest expenses,Rentekostnader,543,RESULTATREGNSKAP,,,,Brønnøysund,1,141222
NEL,NO0010081235,7795,979938799,2021,Sum annen renteinntekt,Interest income,Renteinntekter,229,RESULTATREGNSKAP,,,,Brønnøysund,1,141221
NEL,NO0010081235,7795,979938799,2021,Netto finans,Other financial income/expenses,Andre finansinntekter/kostnader,578,RESULTATREGNSKAP,-1100980000.0,-1100980000.0,-3377000.0,Brønnøysund,1,141220
NEL,NO0010081235,7795,979938799,2021,Sum egenkapital,Total equity,Sum Egenkapital,223,BALANSEREGNSKAP,5038700000.0,5038700000.0,5962150000.0,Brønnøysund,1,141224
NEL,NO0010081235,7795,979938799,2021,Sum eiendeler,Total assets,Sum eiendeler,334,BALANSEREGNSKAP,6006980000.0,6006980000.0,6017740000.0,Brønnøysund,1,141225
NEL,NO0010081235,7795,979938799,2021,Sum driftsinntekter,Total income,Sum inntekter,18,RESULTATREGNSKAP,798001000.0,798001000.0,75649000.0,Brønnøysund,1,162073
NEL,NO0010081235,7795,979938799,2021,Sum Kasse/Bank/Post,Cash and deposits,"Kasse, bank, post",295,BALANSEREGNSKAP,2722770000.0,2722770000.0,2540730000.0,Brønnøysund,1,141227
NEL,NO0010081235,7795,979938799,2021,Sum varige driftsmidler,Fixed assets,Varige driftsmidler,332,BALANSEREGNSKAP,623514000.0,623514000.0,9799000.0,Brønnøysund,1,141228
NEL,NO0010081235,7795,979938799,2021,Sum egenkapital og gjeld,Total liabilities and equity,Sum gjeld og egenkapital,374,BALANSEREGNSKAP,6006980000.0,6006980000.0,6017740000.0,Brønnøysund,1,162074
NEL,NO0010081235,7795,979938799,2021,Sum immaterielle anleggsmidler,Other intangible assets,Andre immatrielle eiendeler,323,BALANSEREGNSKAP,1144140000.0,1144140000.0,,Brønnøysund,1,162077
NEL,NO0010081235,7795,979938799,2021,Sum innskutt egenkapital,Share capital,Aksjekapital,366,BALANSEREGNSKAP,5941750000.0,5941750000.0,5941750000.0,Brønnøysund,1,162078
NEL,NO0010081235,7795,979938799,2021,Sum kortsiktig gjeld,Total short-term debt,Sum kortsiktig gjeld,347,BALANSEREGNSKAP,705052000.0,705052000.0,46889000.0,Brønnøysund,1,162079
NEL,NO0010081235,7795,979938799,2021,Sum langsiktig gjeld,Total long-term debt,Sum langsiktig gjeld,353,BALANSEREGNSKAP,263228000.0,263228000.0,8702000.0,Brønnøysund,1,162080
NEL,NO0010081235,7795,979938799,2021,Sum omløpsmidler,Total short-term assets,Sum omløpsmidler,313,BALANSEREGNSKAP,4144140000.0,4144140000.0,2746210000.0,Brønnøysund,1,162081
NEL,NO0010081235,7795,979938799,2021,Sum opptjent egenkapital,Other retained earnings,Annen opptjent egenkapital,738,BALANSEREGNSKAP,-903045000.0,-903045000.0,20405000.0,Brønnøysund,1,162082
NEL,NO0010081235,7795,979938799,2021,Sum varelager,Inventory,Varer,754,BALANSEREGNSKAP,328465000.0,328465000.0,,Brønnøysund,1,162083
NEL,NO0010081235,7795,979938799,2021,Årsresultat,Net income,Årsresultat,121,RESULTATREGNSKAP,-1666850000.0,-1666850000.0,-24456000.0,Brønnøysund,1,162084
NEL,NO0010081235,7795,979938799,2022,Sum eiendeler,Total assets,Sum eiendeler,334,BALANSEREGNSKAP,6950510000.0,6950510000.0,6125950000.0,Brønnøysund,1,141231
NEL,NO0010081235,7795,979938799,2022,Sum fordringer,Other short-term receivables,Andre kortsiktige fordringer,304,BALANSEREGNSKAP,1334470000.0,1334470000.0,228921000.0,Brønnøysund,1,141232
NEL,NO0010081235,7795,979938799,2022,Sum gjeld,Total debt,Sum gjeld,354,BALANSEREGNSKAP,1500900000.0,1500900000.0,84958000.0,Brønnøysund,1,141233
NEL,NO0010081235,7795,979938799,2022,Sum immaterielle anleggsmidler,Other intangible assets,Andre immatrielle eiendeler,323,BALANSEREGNSKAP,934456000.0,934456000.0,,Brønnøysund,1,141234
NEL,NO0010081235,7795,979938799,2022,Sum kortsiktig gjeld,Total short-term debt,Sum kortsiktig gjeld,347,BALANSEREGNSKAP,1191620000.0,1191620000.0,57046000.0,Brønnøysund,1,141235
NEL,NO0010081235,7795,979938799,2022,Sum langsiktig gjeld,Total long-term debt,Sum langsiktig gjeld,353,BALANSEREGNSKAP,309288000.0,309288000.0,27912000.0,Brønnøysund,1,141236
NEL,NO0010081235,7795,979938799,2022,Sum opptjent egenkapital,Other retained earnings,Annen opptjent egenkapital,738,BALANSEREGNSKAP,-2022930000.0,-2022930000.0,-1431540000.0,Brønnøysund,1,141237
NEL,NO0010081235,7795,979938799,2022,Sum anleggsmidler,Total capital assets,Sum anleggsmidler,333,BALANSEREGNSKAP,1972900000.0,1972900000.0,2965520000.0,Brønnøysund,1,141229
NEL,NO0010081235,7795,979938799,2022,Sum egenkapital,Total equity,Sum Egenkapital,223,BALANSEREGNSKAP,5449610000.0,5449610000.0,6040990000.0,Brønnøysund,1,141230
NEL,NO0010081235,7795,979938799,2022,Driftsresultat,Operating profit(EBIT),Driftsresultat,47,RESULTATREGNSKAP,-1278650000.0,-1278650000.0,-39837000.0,Brønnøysund,1,162085
NEL,NO0010081235,7795,979938799,2022,Lønnskostnader,"Salaries, wages, social security and other personnel related expenses","Lønn, honorarer, andre personalkostnader?.",78,RESULTATREGNSKAP,664815000.0,664815000.0,69070000.0,Brønnøysund,1,162086
NEL,NO0010081235,7795,979938799,2022,Netto finans,Other financial income/expenses,Andre finansinntekter/kostnader,578,RESULTATREGNSKAP,91657000.0,91657000.0,-1412110000.0,Brønnøysund,1,162087
NEL,NO0010081235,7795,979938799,2022,Sum annen renteinntekt,Interest income,Renteinntekter,229,RESULTATREGNSKAP,,,,Brønnøysund,1,162088
NEL,NO0010081235,7795,979938799,2022,Sum annen rentekostnad,Interest expenses,Rentekostnader,543,RESULTATREGNSKAP,,,,Brønnøysund,1,162089
NEL,NO0010081235,7795,979938799,2022,Sum driftsinntekter,Total income,Sum inntekter,18,RESULTATREGNSKAP,993581000.0,993581000.0,89947000.0,Brønnøysund,1,162090
NEL,NO0010081235,7795,979938799,2022,Sum driftskostnader,Total operating expenses,Sum driftskostnader,46,RESULTATREGNSKAP,2272240000.0,2272240000.0,129784000.0,Brønnøysund,1,162091
NEL,NO0010081235,7795,979938799,2022,Sum egenkapital og gjeld,Total liabilities and equity,Sum gjeld og egenkapital,374,BALANSEREGNSKAP,6950510000.0,6950510000.0,6125950000.0,Brønnøysund,1,162092
NEL,NO0010081235,7795,979938799,2022,Sum finansielle anleggsmidler,Other capital assets,Andre anleggsmidler,511,BALANSEREGNSKAP,252958000.0,252958000.0,2951220000.0,Brønnøysund,1,162093
NEL,NO0010081235,7795,979938799,2022,Sum innskutt egenkapital,Share capital,Aksjekapital,366,BALANSEREGNSKAP,7472540000.0,7472540000.0,7472530000.0,Brønnøysund,1,162094
NEL,NO0010081235,7795,979938799,2022,Sum Kasse/Bank/Post,Cash and deposits,"Kasse, bank, post",295,BALANSEREGNSKAP,3138550000.0,3138550000.0,2931510000.0,Brønnøysund,1,162095
NEL,NO0010081235,7795,979938799,2022,Sum omløpsmidler,Total short-term assets,Sum omløpsmidler,313,BALANSEREGNSKAP,4977610000.0,4977610000.0,3160430000.0,Brønnøysund,1,162096
NEL,NO0010081235,7795,979938799,2022,Sum varelager,Inventory,Varer,754,BALANSEREGNSKAP,504595000.0,504595000.0,,Brønnøysund,1,162097
NEL,NO0010081235,7795,979938799,2022,Sum varige driftsmidler,Fixed assets,Varige driftsmidler,332,BALANSEREGNSKAP,785488000.0,785488000.0,14301000.0,Brønnøysund,1,162098
NEL,NO0010081235,7795,979938799,2022,Årsresultat,Net income,Årsresultat,121,RESULTATREGNSKAP,-1171170000.0,-1171170000.0,-1451940000.0,Brønnøysund,1,162099
